[
 {
  "docstatus": 0,
  "doctype": "Email Template",
  "modified": "2025-02-19 18:51:53.625695",
  "name": "Purchase Reconciliation",
  "response": "Hello,<br><br>We have made a purchase reconciliation for the period {{ inward_supply_from_date }} to {{ inward_supply_to_date }} for purchases made by {{ company }} from you.<br><br>You are requested to kindly make necessary corrections to the GST Portal on your end if required. The attached sheet is for your reference.",
  "response_html": null,
  "subject": "2A/2B Reconciliation for {{ supplier_name }}-{{ supplier_gstin }}",
  "use_html": 0
 },
 {
  "docstatus": 0,
  "doctype": "Email Template",
  "modified": "2025-02-19 18:54:22.537341",
  "name": "Dispatch Notification",
  "response": "<h1>Dispatch Notification</h1>\n<h3>Details:</h3>\n<table class=\"table table-bordered small\" style=\"max-width: 500px;\">\n    <tbody>\n        <tr>\n            <td>Customer's Name</td>\n            <td>{{ customer }}</td>\n        </tr>\n        <tr>\n            <td>Contact's Name</td>\n            <td>{{ first_name }} {{ last_name }}</td>\n        </tr>\n        <tr>\n            <td>Address Name</td>\n            <td>{{ address }}</td>\n        </tr>\n        <tr>\n            <td>Address Details</td>\n            <td>{{ customer_address }}</td>\n        </tr>\n        <tr>\n            <td>Order Number</td>\n            <td>{{ delivery_note }}</td>\n        </tr>\n        <tr>\n            <td>Order Total</td>\n            <td>{{ grand_total }}</td>\n        </tr>\n        <tr>\n            <td>Departure Time</td>\n            <td>{{ departure_time }}</td>\n        </tr>\n        <tr>\n            <td>Estimated Arrival</td>\n            <td>{{ estimated_arrival }}</td>\n        </tr>\n        <tr>\n            <td>Driver's Name</td>\n            <td>{{ driver_name }}</td>\n        </tr>\n        <tr>\n            <td>Driver's Number</td>\n            <td>{{ cell_number }}</td>\n        </tr>\n        <tr>\n            <td>Vehicle Number</td>\n            <td>{{ vehicle }}</td>\n        </tr>\n    </tbody>\n</table>\n",
  "response_html": null,
  "subject": "Your order is out for delivery!",
  "use_html": 0
 },
 {
  "docstatus": 0,
  "doctype": "Email Template",
  "modified": "2025-02-20 10:06:16.404069",
  "name": "Leave Approval Notification",
  "response": "<h1>Leave Application Notification</h1>\n<h3>Details:</h3>\n\n\t<table class=\"table table-bordered small\" style=\"max-width: 500px;\">\n\t\t<tbody><tr>\n\t\t\t<td>Employee</td>\n\t\t\t<td>{{employee_name}}</td>\n\t\t</tr>\n\t\t<tr>\n\t\t\t<td>Leave Type</td>\n\t\t\t<td>{{leave_type}}</td>\n\t\t</tr>\n\t\t<tr>\n\t\t\t<td>From Date</td>\n\t\t\t<td>{{from_date}}</td>\n\t\t</tr>\n\t\t<tr>\n\t\t\t<td>To Date</td>\n\t\t\t<td>{{to_date}}</td>\n\t\t</tr>\n\t\t<tr>\n\t\t\t<td>Status</td>\n\t\t\t<td>{{status}}</td>\n\t\t</tr>\n\t</tbody></table>\n\n\t{% set doc_link = frappe.utils.get_url_to_form('Leave Application', name) %}\n\n\t<br><br>\n\t<a class=\"btn btn-primary\" href=\"{{ doc_link }}\" target=\"_blank\">{{ _('Open Now') }}</a>",
  "response_html": null,
  "subject": "Leave Approval Notification",
  "use_html": 0
 },
 {
  "docstatus": 0,
  "doctype": "Email Template",
  "modified": "2025-02-20 10:06:16.409557",
  "name": "Leave Status Notification",
  "response": "<h1>Leave Application Notification</h1>\n<h3>Details:</h3>\n\n\t<table class=\"table table-bordered small\" style=\"max-width: 500px;\">\n\t\t<tbody><tr>\n\t\t\t<td>Employee</td>\n\t\t\t<td>{{employee_name}}</td>\n\t\t</tr>\n\t\t<tr>\n\t\t\t<td>Leave Type</td>\n\t\t\t<td>{{leave_type}}</td>\n\t\t</tr>\n\t\t<tr>\n\t\t\t<td>From Date</td>\n\t\t\t<td>{{from_date}}</td>\n\t\t</tr>\n\t\t<tr>\n\t\t\t<td>To Date</td>\n\t\t\t<td>{{to_date}}</td>\n\t\t</tr>\n\t\t<tr>\n\t\t\t<td>Status</td>\n\t\t\t<td>{{status}}</td>\n\t\t</tr>\n\t</tbody></table>\n\n\t{% set doc_link = frappe.utils.get_url_to_form('Leave Application', name) %}\n\n\t<br><br>\n\t<a class=\"btn btn-primary\" href=\"{{ doc_link }}\" target=\"_blank\">{{ _('Open Now') }}</a>",
  "response_html": null,
  "subject": "Leave Status Notification",
  "use_html": 0
 },
 {
  "docstatus": 0,
  "doctype": "Email Template",
  "modified": "2025-02-20 10:06:16.413090",
  "name": "Interview Reminder",
  "response": "<h1>Interview Reminder</h1>\n\n<p>\n\tInterview: {{name}} is scheduled on {{scheduled_on}} from {{from_time}} to {{to_time}}\n</p>\n",
  "response_html": null,
  "subject": "Interview Reminder",
  "use_html": 0
 },
 {
  "docstatus": 0,
  "doctype": "Email Template",
  "modified": "2025-02-20 10:06:16.416020",
  "name": "Interview Feedback Reminder",
  "response": "<h1>Interview Feedback Reminder</h1>\n\n<p>\n\tInterview Feedback for Interview {{ name }} is not submitted yet. Please submit your feedback. Thank you, good day!\n</p>\n",
  "response_html": null,
  "subject": "Interview Feedback Reminder",
  "use_html": 0
 },
 {
  "docstatus": 0,
  "doctype": "Email Template",
  "modified": "2025-02-20 10:06:16.420716",
  "name": "Exit Questionnaire Notification",
  "response": "<h2>Exit Questionnaire</h2>\n<br>\n\n<p>\n\tDear {{ employee_name }},\n\t<br><br>\n\n\tThank you for the contribution you have made during your time at {{ company }}. We value your opinion and welcome the feedback on your experience working with us.\n\tRequest you to take out a few minutes to fill up this Exit Questionnaire.\n\n\t{% set web_form = frappe.db.get_value('HR Settings', 'HR Settings', 'exit_questionnaire_web_form') %}\n\t{% set web_form_link = frappe.utils.get_url(uri=frappe.db.get_value('Web Form', web_form, 'route')) %}\n\n\t<br><br>\n\t<a class=\"btn btn-primary\" href=\"{{ web_form_link }}\" target=\"_blank\">{{ _('Submit Now') }}</a>\n</p>\n",
  "response_html": null,
  "subject": "Exit Questionnaire Notification",
  "use_html": 0
 }
]