[
 {
  "attach_print": 0,
  "channel": "Email",
  "condition": "",
  "date_changed": null,
  "days_in_advance": 0,
  "docstatus": 0,
  "doctype": "Notification",
  "document_type": "Training Event",
  "enabled": 1,
  "event": "Submit",
  "is_standard": 1,
  "message": "<table class=\"panel-header\" border=\"0\" cellpadding=\"0\" cellspacing=\"0\" width=\"100%\">\n    <tr height=\"10\"></tr>\n    <tr>\n        <td width=\"15\"></td>\n        <td>\n            <div class=\"text-medium text-muted\">\n                <span>{{_(\"Training Event:\")}} {{ doc.event_name }}</span>\n            </div>\n        </td>\n        <td width=\"15\"></td>\n    </tr>\n    <tr height=\"10\"></tr>\n</table>\n\n<table class=\"panel-body\" border=\"0\" cellpadding=\"0\" cellspacing=\"0\" width=\"100%\">\n    <tr height=\"10\"></tr>\n    <tr>\n        <td width=\"15\"></td>\n        <td>\n            <div>\n                {{ doc.introduction }}\n                <ul class=\"list-unstyled\" style=\"line-height: 1.7\">\n                    <li>{{_(\"Event Location\")}}: <b>{{ doc.location }}</b></li>\n                    {% set start = frappe.utils.get_datetime(doc.start_time) %}\n                    {% set end = frappe.utils.get_datetime(doc.end_time) %}\n                    {% if start.date() == end.date() %}\n                        <li>{{_(\"Date\")}}: <b>{{ start.strftime(\"%A, %d %b %Y\") }}</b></li>\n                        <li>\n                            {{_(\"Timing\")}}: <b>{{ start.strftime(\"%I:%M %p\") + ' to ' + end.strftime(\"%I:%M %p\") }}</b>\n                        </li>\n                    {% else %}\n                        <li>\n                            {{_(\"Start Time\")}}: <b>{{ start.strftime(\"%A, %d %b %Y at %I:%M %p\") }}</b>\n                        </li>\n                        <li>{{_(\"End Time\")}}: <b>{{ end.strftime(\"%A, %d %b %Y at %I:%M %p\") }}</b></li>\n                    {% endif %}\n                    <li>{{ _(\"Event Link\") }}: {{ frappe.utils.get_link_to_form(doc.doctype, doc.name) }}</li>\n                    {% if doc.is_mandatory %}\n                        <li>{{ _(\"Note: This Training Event is mandatory\") }}</li>\n                    {% endif %}\n                </ul>\n            </div>\n        </td>\n        <td width=\"15\"></td>\n    </tr>\n    <tr height=\"10\"></tr>\n</table>",
  "message_type": null,
  "method": null,
  "modified": "2021-06-16 14:08:12.933367",
  "module": "HR",
  "name": "Training Scheduled",
  "print_format": null,
  "property_value": null,
  "recipients": [
   {
    "bcc": null,
    "cc": null,
    "condition": null,
    "parent": "Training Scheduled",
    "parentfield": "recipients",
    "parenttype": "Notification",
    "receiver_by_document_field": "employee_emails",
    "receiver_by_role": null
   }
  ],
  "send_system_notification": 0,
  "send_to_all_assignees": 0,
  "sender": null,
  "sender_email": null,
  "set_property_after_alert": null,
  "slack_webhook_url": null,
  "subject": "Training Scheduled: {{ doc.name }}",
  "value_changed": null
 },
 {
  "attach_print": 0,
  "channel": "Email",
  "condition": null,
  "date_changed": null,
  "days_in_advance": 0,
  "docstatus": 0,
  "doctype": "Notification",
  "document_type": "Training Result",
  "enabled": 1,
  "event": "Submit",
  "is_standard": 1,
  "message": "<h3>{{_(\"Training Event\")}}</h3>\n<p>{{ message }}</p>\n\n<h4>{{_(\"Details\")}}</h4>\n{{_(\"Event Name\")}}: <a href=\"{{ event_link }}\">{{ name }}</a>\n<br>{{_(\"Event Location\")}}: {{ location }}\n<br>{{_(\"Start Time\")}}: {{ start_time }}\n<br>{{_(\"End Time\")}}: {{ end_time }}\n<br>{{_(\"Attendance\")}}: {{ attendance }}\n",
  "message_type": null,
  "method": null,
  "modified": "2017-08-11 04:26:58.194793",
  "module": "HR",
  "name": "Training Feedback",
  "print_format": null,
  "property_value": null,
  "recipients": [
   {
    "bcc": null,
    "cc": null,
    "condition": null,
    "parent": "Training Feedback",
    "parentfield": "recipients",
    "parenttype": "Notification",
    "receiver_by_document_field": null,
    "receiver_by_role": null
   }
  ],
  "send_system_notification": 0,
  "send_to_all_assignees": 0,
  "sender": null,
  "sender_email": null,
  "set_property_after_alert": null,
  "slack_webhook_url": null,
  "subject": "Please Share your Feedback For {{ doc.training_event }}",
  "value_changed": null
 },
 {
  "attach_print": 0,
  "channel": "Email",
  "condition": "doc.auto_created",
  "date_changed": null,
  "days_in_advance": 0,
  "docstatus": 0,
  "doctype": "Notification",
  "document_type": "Fiscal Year",
  "enabled": 1,
  "event": "New",
  "is_standard": 1,
  "message": "<h3>{{_(\"Fiscal Year\")}}</h3>\n\n<p>{{ _(\"New fiscal year created :- \") }} {{ doc.name }}</p>",
  "message_type": null,
  "method": null,
  "modified": "2018-04-25 14:30:38.588534",
  "module": "Accounts",
  "name": "Notification for new fiscal year",
  "print_format": null,
  "property_value": null,
  "recipients": [
   {
    "bcc": null,
    "cc": null,
    "condition": null,
    "parent": "Notification for new fiscal year",
    "parentfield": "recipients",
    "parenttype": "Notification",
    "receiver_by_document_field": null,
    "receiver_by_role": null
   },
   {
    "bcc": null,
    "cc": null,
    "condition": null,
    "parent": "Notification for new fiscal year",
    "parentfield": "recipients",
    "parenttype": "Notification",
    "receiver_by_document_field": null,
    "receiver_by_role": null
   }
  ],
  "send_system_notification": 0,
  "send_to_all_assignees": 0,
  "sender": null,
  "sender_email": null,
  "set_property_after_alert": null,
  "slack_webhook_url": null,
  "subject": "Notification for new fiscal year {{ doc.name }}",
  "value_changed": null
 },
 {
  "attach_print": 0,
  "channel": "Email",
  "condition": "doc.docstatus==1",
  "date_changed": "bonus_payment_date",
  "days_in_advance": 14,
  "docstatus": 0,
  "doctype": "Notification",
  "document_type": "Retention Bonus",
  "enabled": 1,
  "event": "Days Before",
  "is_standard": 1,
  "message": "<p>{{ _(\"Hello\") }},</p>\n\n<p> {{ _(\"Retention Bonus for\") }} {{ doc.employee_name }} {{ _(\"due on\") }} {{ doc.bonus_payment_date }}</p>",
  "message_type": null,
  "method": null,
  "modified": "2018-05-15 19:00:24.294418",
  "module": "Payroll",
  "name": "Retention Bonus",
  "print_format": null,
  "property_value": null,
  "recipients": [
   {
    "bcc": null,
    "cc": null,
    "condition": null,
    "parent": "Retention Bonus",
    "parentfield": "recipients",
    "parenttype": "Notification",
    "receiver_by_document_field": null,
    "receiver_by_role": null
   }
  ],
  "send_system_notification": 0,
  "send_to_all_assignees": 0,
  "sender": null,
  "sender_email": null,
  "set_property_after_alert": null,
  "slack_webhook_url": null,
  "subject": "Retention Bonus alert for {{ doc.employee }}",
  "value_changed": null
 },
 {
  "attach_print": 0,
  "channel": "Email",
  "condition": "doc.status == \"Received\" or doc.status == \"Partially Received\"",
  "date_changed": null,
  "days_in_advance": 0,
  "docstatus": 0,
  "doctype": "Notification",
  "document_type": "Material Request",
  "enabled": 1,
  "event": "Value Change",
  "is_standard": 1,
  "message": "<b>Material Request Type</b>: {{ doc.material_request_type }}<br>\n<b>Company</b>: {{ doc.company }}\n\n<h3>Order Summary</h3>\n\n<table border=2 >\n    <tr align=\"center\">\n        <th>Item Name</th>\n        <th>Received Quantity</th>\n    </tr>\n    {% for item in doc.items %}\n        {% if frappe.utils.flt(item.received_qty, 2) > 0.0 %}\n            <tr align=\"center\">\n                <td>{{ item.item_code }}</td>\n                <td>{{ frappe.utils.flt(item.received_qty, 2) }}</td>\n            </tr>\n        {% endif %}\n    {% endfor %}\n</table>",
  "message_type": null,
  "method": "",
  "modified": "2019-05-01 18:02:51.090037",
  "module": "Manufacturing",
  "name": "Material Request Receipt Notification",
  "print_format": null,
  "property_value": null,
  "recipients": [
   {
    "bcc": null,
    "cc": null,
    "condition": null,
    "parent": "Material Request Receipt Notification",
    "parentfield": "recipients",
    "parenttype": "Notification",
    "receiver_by_document_field": null,
    "receiver_by_role": null
   }
  ],
  "send_system_notification": 0,
  "send_to_all_assignees": 0,
  "sender": null,
  "sender_email": "",
  "set_property_after_alert": null,
  "slack_webhook_url": null,
  "subject": "{{ doc.name }} has been received",
  "value_changed": "status"
 },
 {
  "attach_print": 0,
  "channel": "Email",
  "condition": "doc.date and doc.email and doc.docstatus != 2 and doc.status == 'Scheduled'",
  "date_changed": "date",
  "days_in_advance": 1,
  "docstatus": 0,
  "doctype": "Notification",
  "document_type": "Exit Interview",
  "enabled": 1,
  "event": "Days Before",
  "is_standard": 1,
  "message": "<table class=\"panel-header\" border=\"0\" cellpadding=\"0\" cellspacing=\"0\" width=\"100%\">\n\t<tr height=\"10\"></tr>\n\t<tr>\n\t\t<td width=\"15\"></td>\n\t\t<td>\n\t\t\t<div class=\"text-medium text-muted\">\n\t\t\t\t<span>{{_(\"Exit Interview Scheduled:\")}} {{ doc.name }}</span>\n\t\t\t</div>\n\t\t</td>\n\t\t<td width=\"15\"></td>\n\t</tr>\n\t<tr height=\"10\"></tr>\n</table>\n\n<table class=\"panel-body\" border=\"0\" cellpadding=\"0\" cellspacing=\"0\" width=\"100%\">\n\t<tr height=\"10\"></tr>\n\t<tr>\n\t\t<td width=\"15\"></td>\n\t\t<td>\n\t\t\t<div>\n\t\t\t\t<ul class=\"list-unstyled\" style=\"line-height: 1.7\">\n\t\t\t\t\t<li>{{_(\"Employee\")}}: <b>{{ doc.employee }} - {{ doc.employee_name }}</b></li>\n\t\t\t\t\t<li>{{_(\"Date\")}}: <b>{{ doc.date }}</b></li>\n\t\t\t\t\t<li> {{_(\"Interviewers\")}}: </li>\n\t\t\t\t\t{% for entry in doc.interviewers %}\n\t\t\t\t\t\t<ul>\n\t\t\t\t\t\t\t<li>{{ entry.user }}</li>\n\t\t\t\t\t\t</ul>\n\t\t\t\t\t{% endfor %}\n\t\t\t\t\t<li>{{ _(\"Interview Document\") }}: {{ frappe.utils.get_link_to_form(doc.doctype, doc.name) }}</li>\n\t\t\t\t</ul>\n\t\t\t</div>\n\t\t</td>\n\t\t<td width=\"15\"></td>\n\t</tr>\n\t<tr height=\"10\"></tr>\n</table>\n",
  "message_type": null,
  "method": null,
  "modified": "2021-12-05 22:26:57.096159",
  "module": "HR",
  "name": "Exit Interview Scheduled",
  "print_format": null,
  "property_value": null,
  "recipients": [
   {
    "bcc": null,
    "cc": null,
    "condition": null,
    "parent": "Exit Interview Scheduled",
    "parentfield": "recipients",
    "parenttype": "Notification",
    "receiver_by_document_field": "email",
    "receiver_by_role": null
   }
  ],
  "send_system_notification": 0,
  "send_to_all_assignees": 1,
  "sender": null,
  "sender_email": null,
  "set_property_after_alert": null,
  "slack_webhook_url": null,
  "subject": "Exit Interview Scheduled: {{ doc.name }}",
  "value_changed": null
 }
]