[
 {
  "default_value": null,
  "doc_type": "Sales Order",
  "docstatus": 0,
  "doctype": "Property Setter",
  "doctype_or_field": "DocField",
  "field_name": "due_date",
  "is_system_generated": 0,
  "modified": "2025-02-19 18:44:59.657055",
  "module": null,
  "name": "Sales Order-due_date-print_hide",
  "property": "print_hide",
  "property_type": "Check",
  "row_name": null,
  "value": "0"
 },
 {
  "default_value": null,
  "doc_type": "Sales Order",
  "docstatus": 0,
  "doctype": "Property Setter",
  "doctype_or_field": "DocField",
  "field_name": "payment_schedule",
  "is_system_generated": 0,
  "modified": "2025-02-19 18:44:59.661802",
  "module": null,
  "name": "Sales Order-payment_schedule-print_hide",
  "property": "print_hide",
  "property_type": "Check",
  "row_name": null,
  "value": "1"
 },
 {
  "default_value": null,
  "doc_type": "Sales Invoice",
  "docstatus": 0,
  "doctype": "Property Setter",
  "doctype_or_field": "DocField",
  "field_name": "due_date",
  "is_system_generated": 0,
  "modified": "2025-02-19 18:44:59.666559",
  "module": null,
  "name": "Sales Invoice-due_date-print_hide",
  "property": "print_hide",
  "property_type": "Check",
  "row_name": null,
  "value": "0"
 },
 {
  "default_value": null,
  "doc_type": "Sales Invoice",
  "docstatus": 0,
  "doctype": "Property Setter",
  "doctype_or_field": "DocField",
  "field_name": "payment_schedule",
  "is_system_generated": 0,
  "modified": "2025-02-19 18:44:59.671198",
  "module": null,
  "name": "Sales Invoice-payment_schedule-print_hide",
  "property": "print_hide",
  "property_type": "Check",
  "row_name": null,
  "value": "1"
 },
 {
  "default_value": null,
  "doc_type": "Purchase Order",
  "docstatus": 0,
  "doctype": "Property Setter",
  "doctype_or_field": "DocField",
  "field_name": "due_date",
  "is_system_generated": 0,
  "modified": "2025-02-19 18:44:59.675853",
  "module": null,
  "name": "Purchase Order-due_date-print_hide",
  "property": "print_hide",
  "property_type": "Check",
  "row_name": null,
  "value": "0"
 },
 {
  "default_value": null,
  "doc_type": "Purchase Order",
  "docstatus": 0,
  "doctype": "Property Setter",
  "doctype_or_field": "DocField",
  "field_name": "payment_schedule",
  "is_system_generated": 0,
  "modified": "2025-02-19 18:44:59.680468",
  "module": null,
  "name": "Purchase Order-payment_schedule-print_hide",
  "property": "print_hide",
  "property_type": "Check",
  "row_name": null,
  "value": "1"
 },
 {
  "default_value": null,
  "doc_type": "Purchase Invoice",
  "docstatus": 0,
  "doctype": "Property Setter",
  "doctype_or_field": "DocField",
  "field_name": "due_date",
  "is_system_generated": 0,
  "modified": "2025-02-19 18:44:59.685003",
  "module": null,
  "name": "Purchase Invoice-due_date-print_hide",
  "property": "print_hide",
  "property_type": "Check",
  "row_name": null,
  "value": "0"
 },
 {
  "default_value": null,
  "doc_type": "Purchase Invoice",
  "docstatus": 0,
  "doctype": "Property Setter",
  "doctype_or_field": "DocField",
  "field_name": "payment_schedule",
  "is_system_generated": 0,
  "modified": "2025-02-19 18:44:59.689757",
  "module": null,
  "name": "Purchase Invoice-payment_schedule-print_hide",
  "property": "print_hide",
  "property_type": "Check",
  "row_name": null,
  "value": "1"
 },
 {
  "default_value": null,
  "doc_type": "Process Deferred Accounting",
  "docstatus": 0,
  "doctype": "Property Setter",
  "doctype_or_field": "DocType",
  "field_name": null,
  "is_system_generated": 1,
  "modified": "2025-02-19 18:51:47.098961",
  "module": null,
  "name": "Process Deferred Accounting-main-track_changes",
  "property": "track_changes",
  "property_type": "Check",
  "row_name": null,
  "value": "1"
 },
 {
  "default_value": null,
  "doc_type": "Stock Entry",
  "docstatus": 0,
  "doctype": "Property Setter",
  "doctype_or_field": "DocType",
  "field_name": null,
  "is_system_generated": 1,
  "modified": "2025-02-19 18:51:47.107352",
  "module": null,
  "name": "Stock Entry-main-track_changes",
  "property": "track_changes",
  "property_type": "Check",
  "row_name": null,
  "value": "1"
 },
 {
  "default_value": null,
  "doc_type": "Subcontracting Receipt",
  "docstatus": 0,
  "doctype": "Property Setter",
  "doctype_or_field": "DocType",
  "field_name": null,
  "is_system_generated": 1,
  "modified": "2025-02-19 18:51:47.114271",
  "module": null,
  "name": "Subcontracting Receipt-main-track_changes",
  "property": "track_changes",
  "property_type": "Check",
  "row_name": null,
  "value": "1"
 },
 {
  "default_value": null,
  "doc_type": "Journal Entry",
  "docstatus": 0,
  "doctype": "Property Setter",
  "doctype_or_field": "DocType",
  "field_name": null,
  "is_system_generated": 1,
  "modified": "2025-02-19 18:51:47.123333",
  "module": null,
  "name": "Journal Entry-main-track_changes",
  "property": "track_changes",
  "property_type": "Check",
  "row_name": null,
  "value": "1"
 },
 {
  "default_value": null,
  "doc_type": "POS Invoice",
  "docstatus": 0,
  "doctype": "Property Setter",
  "doctype_or_field": "DocType",
  "field_name": null,
  "is_system_generated": 1,
  "modified": "2025-02-19 18:51:47.132190",
  "module": null,
  "name": "POS Invoice-main-track_changes",
  "property": "track_changes",
  "property_type": "Check",
  "row_name": null,
  "value": "1"
 },
 {
  "default_value": null,
  "doc_type": "Purchase Receipt",
  "docstatus": 0,
  "doctype": "Property Setter",
  "doctype_or_field": "DocType",
  "field_name": null,
  "is_system_generated": 1,
  "modified": "2025-02-19 18:51:47.146852",
  "module": null,
  "name": "Purchase Receipt-main-track_changes",
  "property": "track_changes",
  "property_type": "Check",
  "row_name": null,
  "value": "1"
 },
 {
  "default_value": null,
  "doc_type": "Sales Invoice",
  "docstatus": 0,
  "doctype": "Property Setter",
  "doctype_or_field": "DocType",
  "field_name": null,
  "is_system_generated": 1,
  "modified": "2025-02-19 18:51:47.155759",
  "module": null,
  "name": "Sales Invoice-main-track_changes",
  "property": "track_changes",
  "property_type": "Check",
  "row_name": null,
  "value": "1"
 },
 {
  "default_value": null,
  "doc_type": "Asset",
  "docstatus": 0,
  "doctype": "Property Setter",
  "doctype_or_field": "DocType",
  "field_name": null,
  "is_system_generated": 1,
  "modified": "2025-02-19 18:51:47.168191",
  "module": null,
  "name": "Asset-main-track_changes",
  "property": "track_changes",
  "property_type": "Check",
  "row_name": null,
  "value": "1"
 },
 {
  "default_value": null,
  "doc_type": "Accounts Settings",
  "docstatus": 0,
  "doctype": "Property Setter",
  "doctype_or_field": "DocType",
  "field_name": null,
  "is_system_generated": 1,
  "modified": "2025-02-19 18:51:47.177658",
  "module": null,
  "name": "Accounts Settings-main-track_changes",
  "property": "track_changes",
  "property_type": "Check",
  "row_name": null,
  "value": "1"
 },
 {
  "default_value": null,
  "doc_type": "Dunning",
  "docstatus": 0,
  "doctype": "Property Setter",
  "doctype_or_field": "DocType",
  "field_name": null,
  "is_system_generated": 1,
  "modified": "2025-02-19 18:51:47.189377",
  "module": null,
  "name": "Dunning-main-track_changes",
  "property": "track_changes",
  "property_type": "Check",
  "row_name": null,
  "value": "1"
 },
 {
  "default_value": null,
  "doc_type": "Asset Capitalization",
  "docstatus": 0,
  "doctype": "Property Setter",
  "doctype_or_field": "DocType",
  "field_name": null,
  "is_system_generated": 1,
  "modified": "2025-02-19 18:51:47.200668",
  "module": null,
  "name": "Asset Capitalization-main-track_changes",
  "property": "track_changes",
  "property_type": "Check",
  "row_name": null,
  "value": "1"
 },
 {
  "default_value": null,
  "doc_type": "Period Closing Voucher",
  "docstatus": 0,
  "doctype": "Property Setter",
  "doctype_or_field": "DocType",
  "field_name": null,
  "is_system_generated": 1,
  "modified": "2025-02-19 18:51:47.213482",
  "module": null,
  "name": "Period Closing Voucher-main-track_changes",
  "property": "track_changes",
  "property_type": "Check",
  "row_name": null,
  "value": "1"
 },
 {
  "default_value": null,
  "doc_type": "Delivery Note",
  "docstatus": 0,
  "doctype": "Property Setter",
  "doctype_or_field": "DocType",
  "field_name": null,
  "is_system_generated": 1,
  "modified": "2025-02-19 18:51:47.222188",
  "module": null,
  "name": "Delivery Note-main-track_changes",
  "property": "track_changes",
  "property_type": "Check",
  "row_name": null,
  "value": "1"
 },
 {
  "default_value": null,
  "doc_type": "Asset Repair",
  "docstatus": 0,
  "doctype": "Property Setter",
  "doctype_or_field": "DocType",
  "field_name": null,
  "is_system_generated": 1,
  "modified": "2025-02-19 18:51:47.233720",
  "module": null,
  "name": "Asset Repair-main-track_changes",
  "property": "track_changes",
  "property_type": "Check",
  "row_name": null,
  "value": "1"
 },
 {
  "default_value": null,
  "doc_type": "Purchase Invoice",
  "docstatus": 0,
  "doctype": "Property Setter",
  "doctype_or_field": "DocType",
  "field_name": null,
  "is_system_generated": 1,
  "modified": "2025-02-19 18:51:47.244804",
  "module": null,
  "name": "Purchase Invoice-main-track_changes",
  "property": "track_changes",
  "property_type": "Check",
  "row_name": null,
  "value": "1"
 },
 {
  "default_value": null,
  "doc_type": "Payment Entry",
  "docstatus": 0,
  "doctype": "Property Setter",
  "doctype_or_field": "DocType",
  "field_name": null,
  "is_system_generated": 1,
  "modified": "2025-02-19 18:51:47.256220",
  "module": null,
  "name": "Payment Entry-main-track_changes",
  "property": "track_changes",
  "property_type": "Check",
  "row_name": null,
  "value": "1"
 },
 {
  "default_value": null,
  "doc_type": "Invoice Discounting",
  "docstatus": 0,
  "doctype": "Property Setter",
  "doctype_or_field": "DocType",
  "field_name": null,
  "is_system_generated": 1,
  "modified": "2025-02-19 18:51:47.267530",
  "module": null,
  "name": "Invoice Discounting-main-track_changes",
  "property": "track_changes",
  "property_type": "Check",
  "row_name": null,
  "value": "1"
 },
 {
  "default_value": null,
  "doc_type": "Stock Reconciliation",
  "docstatus": 0,
  "doctype": "Property Setter",
  "doctype_or_field": "DocType",
  "field_name": null,
  "is_system_generated": 1,
  "modified": "2025-02-19 18:51:47.282519",
  "module": null,
  "name": "Stock Reconciliation-main-track_changes",
  "property": "track_changes",
  "property_type": "Check",
  "row_name": null,
  "value": "1"
 },
 {
  "default_value": null,
  "doc_type": "Landed Cost Voucher",
  "docstatus": 0,
  "doctype": "Property Setter",
  "doctype_or_field": "DocType",
  "field_name": null,
  "is_system_generated": 1,
  "modified": "2025-02-19 18:51:47.294615",
  "module": null,
  "name": "Landed Cost Voucher-main-track_changes",
  "property": "track_changes",
  "property_type": "Check",
  "row_name": null,
  "value": "1"
 },
 {
  "default_value": null,
  "doc_type": "Bill of Entry",
  "docstatus": 0,
  "doctype": "Property Setter",
  "doctype_or_field": "DocType",
  "field_name": null,
  "is_system_generated": 1,
  "modified": "2025-02-19 18:51:47.305943",
  "module": null,
  "name": "Bill of Entry-main-track_changes",
  "property": "track_changes",
  "property_type": "Check",
  "row_name": null,
  "value": "1"
 },
 {
  "default_value": null,
  "doc_type": "Journal Entry",
  "docstatus": 0,
  "doctype": "Property Setter",
  "doctype_or_field": "DocField",
  "field_name": "voucher_type",
  "is_system_generated": 1,
  "modified": "2025-02-19 18:51:53.241602",
  "module": null,
  "name": "Journal Entry-voucher_type-options",
  "property": "options",
  "property_type": "Small Text",
  "row_name": null,
  "value": "Journal Entry\nInter Company Journal Entry\nBank Entry\nCash Entry\nCredit Card Entry\nDebit Note\nCredit Note\nContra Entry\nExcise Entry\nWrite Off Entry\nOpening Entry\nDepreciation Entry\nExchange Rate Revaluation\nExchange Gain Or Loss\nDeferred Revenue\nDeferred Expense\nReversal Of ITC"
 },
 {
  "default_value": null,
  "doc_type": "Delivery Note",
  "docstatus": 0,
  "doctype": "Property Setter",
  "doctype_or_field": "DocField",
  "field_name": "naming_series",
  "is_system_generated": 1,
  "modified": "2025-02-19 18:51:53.248122",
  "module": null,
  "name": "Delivery Note-naming_series-options",
  "property": "options",
  "property_type": "Small Text",
  "row_name": null,
  "value": "DN-.YY.-\nDRET-.YY.-\n\nMAT-DN-.YYYY.-\nMAT-DN-RET-.YYYY.-"
 },
 {
  "default_value": null,
  "doc_type": "Sales Invoice",
  "docstatus": 0,
  "doctype": "Property Setter",
  "doctype_or_field": "DocField",
  "field_name": "naming_series",
  "is_system_generated": 1,
  "modified": "2025-02-19 18:51:53.254262",
  "module": null,
  "name": "Sales Invoice-naming_series-options",
  "property": "options",
  "property_type": "Small Text",
  "row_name": null,
  "value": "SINV-.YY.-\nSRET-.YY.-\n\nACC-SINV-.YYYY.-\nACC-SINV-RET-.YYYY.-"
 },
 {
  "default_value": null,
  "doc_type": "Purchase Invoice",
  "docstatus": 0,
  "doctype": "Property Setter",
  "doctype_or_field": "DocField",
  "field_name": "naming_series",
  "is_system_generated": 1,
  "modified": "2025-02-19 18:51:53.260104",
  "module": null,
  "name": "Purchase Invoice-naming_series-options",
  "property": "options",
  "property_type": "Small Text",
  "row_name": null,
  "value": "PINV-.YY.-\nPRET-.YY.-\n\nACC-PINV-.YYYY.-\nACC-PINV-RET-.YYYY.-"
 },
 {
  "default_value": null,
  "doc_type": "Purchase Receipt",
  "docstatus": 0,
  "doctype": "Property Setter",
  "doctype_or_field": "DocField",
  "field_name": "naming_series",
  "is_system_generated": 1,
  "modified": "2025-02-19 18:51:53.266050",
  "module": null,
  "name": "Purchase Receipt-naming_series-options",
  "property": "options",
  "property_type": "Small Text",
  "row_name": null,
  "value": "PR-.YY.-\nPRRET-.YY.-\n\nMAT-PRE-.YYYY.-\nMAT-PR-RET-.YYYY.-"
 },
 {
  "default_value": null,
  "doc_type": "Journal Entry Account",
  "docstatus": 0,
  "doctype": "Property Setter",
  "doctype_or_field": "DocField",
  "field_name": "reference_type",
  "is_system_generated": 1,
  "modified": "2025-02-19 18:51:53.275462",
  "module": null,
  "name": "Journal Entry Account-reference_type-options",
  "property": "options",
  "property_type": "Small Text",
  "row_name": null,
  "value": "\nSales Invoice\nPurchase Invoice\nJournal Entry\nSales Order\nPurchase Order\nExpense Claim\nAsset\nLoan\nPayroll Entry\nEmployee Advance\nExchange Rate Revaluation\nInvoice Discounting\nFees\nFull and Final Statement\nPayment Entry\nBill of Entry"
 },
 {
  "default_value": null,
  "doc_type": "Stock Entry",
  "docstatus": 0,
  "doctype": "Property Setter",
  "doctype_or_field": "DocField",
  "field_name": "naming_series",
  "is_system_generated": 1,
  "modified": "2025-02-19 18:51:53.281772",
  "module": null,
  "name": "Stock Entry-naming_series-options",
  "property": "options",
  "property_type": "Small Text",
  "row_name": null,
  "value": "MAT-STE-\nMAT-STE-.YYYY.-"
 },
 {
  "default_value": null,
  "doc_type": "Subcontracting Receipt",
  "docstatus": 0,
  "doctype": "Property Setter",
  "doctype_or_field": "DocField",
  "field_name": "naming_series",
  "is_system_generated": 1,
  "modified": "2025-02-19 18:51:53.288607",
  "module": null,
  "name": "Subcontracting Receipt-naming_series-options",
  "property": "options",
  "property_type": "Small Text",
  "row_name": null,
  "value": "MAT-SCR-\nMAT-SCR-.YYYY.-\nMAT-SCR-RET-.YYYY.-"
 },
 {
  "default_value": null,
  "doc_type": "Purchase Invoice",
  "docstatus": 0,
  "doctype": "Property Setter",
  "doctype_or_field": "DocField",
  "field_name": "bill_no",
  "is_system_generated": 1,
  "modified": "2025-02-19 18:51:53.295343",
  "module": null,
  "name": "Purchase Invoice-bill_no-mandatory_depends_on",
  "property": "mandatory_depends_on",
  "property_type": "Code",
  "row_name": null,
  "value": "eval: doc.gst_category !== 'Unregistered' && gst_settings.require_supplier_invoice_no === 1 && doc.company_gstin"
 },
 {
  "default_value": null,
  "doc_type": "Address",
  "docstatus": 0,
  "doctype": "Property Setter",
  "doctype_or_field": "DocField",
  "field_name": "state",
  "is_system_generated": 1,
  "modified": "2025-02-19 18:51:53.301790",
  "module": null,
  "name": "Address-state-fieldtype",
  "property": "fieldtype",
  "property_type": "Select",
  "row_name": null,
  "value": "Autocomplete"
 },
 {
  "default_value": null,
  "doc_type": "Address",
  "docstatus": 0,
  "doctype": "Property Setter",
  "doctype_or_field": "DocField",
  "field_name": "state",
  "is_system_generated": 1,
  "modified": "2025-02-19 18:51:53.307724",
  "module": null,
  "name": "Address-state-mandatory_depends_on",
  "property": "mandatory_depends_on",
  "property_type": "Code",
  "row_name": null,
  "value": "eval: doc.country == 'India'"
 },
 {
  "default_value": null,
  "doc_type": "Address",
  "docstatus": 0,
  "doctype": "Property Setter",
  "doctype_or_field": "DocField",
  "field_name": "pincode",
  "is_system_generated": 1,
  "modified": "2025-02-19 18:51:53.314815",
  "module": null,
  "name": "Address-pincode-mandatory_depends_on",
  "property": "mandatory_depends_on",
  "property_type": "Code",
  "row_name": null,
  "value": "eval: doc.country == 'India' &&(gst_settings.enable_e_invoice || gst_settings.enable_e_waybill)"
 },
 {
  "default_value": null,
  "doc_type": "Address",
  "docstatus": 0,
  "doctype": "Property Setter",
  "doctype_or_field": "DocType",
  "field_name": null,
  "is_system_generated": 1,
  "modified": "2025-02-19 18:51:53.319980",
  "module": null,
  "name": "Address-main-quick_entry",
  "property": "quick_entry",
  "property_type": "Check",
  "row_name": null,
  "value": "1"
 },
 {
  "default_value": null,
  "doc_type": "Accounts Settings",
  "docstatus": 0,
  "doctype": "Property Setter",
  "doctype_or_field": "DocField",
  "field_name": "determine_address_tax_category_from",
  "is_system_generated": 1,
  "modified": "2025-02-19 18:51:53.326761",
  "module": null,
  "name": "Accounts Settings-determine_address_tax_category_from-read_only",
  "property": "read_only",
  "property_type": "Check",
  "row_name": null,
  "value": "0"
 },
 {
  "default_value": null,
  "doc_type": "Accounts Settings",
  "docstatus": 0,
  "doctype": "Property Setter",
  "doctype_or_field": "DocField",
  "field_name": "add_taxes_from_item_tax_template",
  "is_system_generated": 1,
  "modified": "2025-02-19 18:51:53.333598",
  "module": null,
  "name": "Accounts Settings-add_taxes_from_item_tax_template-read_only",
  "property": "read_only",
  "property_type": "Check",
  "row_name": null,
  "value": "1"
 },
 {
  "default_value": null,
  "doc_type": "Accounts Settings",
  "docstatus": 0,
  "doctype": "Property Setter",
  "doctype_or_field": "DocField",
  "field_name": "add_taxes_from_item_tax_template",
  "is_system_generated": 1,
  "modified": "2025-02-19 18:51:53.339992",
  "module": null,
  "name": "Accounts Settings-add_taxes_from_item_tax_template-description",
  "property": "description",
  "property_type": "Small Text",
  "row_name": null,
  "value": "Overridden by India Compliance"
 },
 {
  "default_value": null,
  "doc_type": "Accounts Settings",
  "docstatus": 0,
  "doctype": "Property Setter",
  "doctype_or_field": "DocField",
  "field_name": "tax_settings_section",
  "is_system_generated": 1,
  "modified": "2025-02-19 18:51:53.353207",
  "module": null,
  "name": "Accounts Settings-tax_settings_section-label",
  "property": "label",
  "property_type": "Data",
  "row_name": null,
  "value": "Tax Settings"
 },
 {
  "default_value": null,
  "doc_type": "Accounts Settings",
  "docstatus": 0,
  "doctype": "Property Setter",
  "doctype_or_field": "DocField",
  "field_name": "tax_settings_section",
  "is_system_generated": 1,
  "modified": "2025-02-19 18:51:53.359722",
  "module": null,
  "name": "Accounts Settings-tax_settings_section-collapsible",
  "property": "collapsible",
  "property_type": "Check",
  "row_name": null,
  "value": "0"
 },
 {
  "default_value": null,
  "doc_type": "Purchase Reconciliation Tool",
  "docstatus": 0,
  "doctype": "Property Setter",
  "doctype_or_field": "DocType",
  "field_name": null,
  "is_system_generated": 1,
  "modified": "2025-02-19 18:51:53.369010",
  "module": null,
  "name": "Purchase Reconciliation Tool-main-default_email_template",
  "property": "default_email_template",
  "property_type": "Data",
  "row_name": null,
  "value": "Purchase Reconciliation"
 },
 {
  "default_value": null,
  "doc_type": "Subcontracting Receipt",
  "docstatus": 0,
  "doctype": "Property Setter",
  "doctype_or_field": "DocField",
  "field_name": "supplier_delivery_note",
  "is_system_generated": 1,
  "modified": "2025-02-19 18:51:53.378303",
  "module": null,
  "name": "Subcontracting Receipt-supplier_delivery_note-mandatory_depends_on",
  "property": "mandatory_depends_on",
  "property_type": "Code",
  "row_name": null,
  "value": "eval: gst_settings.require_supplier_invoice_no === 1 && doc.company_gstin"
 },
 {
  "default_value": null,
  "doc_type": "Purchase Receipt",
  "docstatus": 0,
  "doctype": "Property Setter",
  "doctype_or_field": "DocField",
  "field_name": "transporter_name",
  "is_system_generated": 1,
  "modified": "2025-02-19 18:51:53.384052",
  "module": null,
  "name": "Purchase Receipt-transporter_name-fieldtype",
  "property": "fieldtype",
  "property_type": "Select",
  "row_name": null,
  "value": "Small Text"
 },
 {
  "default_value": null,
  "doc_type": "Purchase Receipt",
  "docstatus": 0,
  "doctype": "Property Setter",
  "doctype_or_field": "DocField",
  "field_name": "transporter_name",
  "is_system_generated": 1,
  "modified": "2025-02-19 18:51:53.389316",
  "module": null,
  "name": "Purchase Receipt-transporter_name-fetch_from",
  "property": "fetch_from",
  "property_type": "Small Text",
  "row_name": null,
  "value": "transporter.supplier_name"
 },
 {
  "default_value": null,
  "doc_type": "Purchase Receipt",
  "docstatus": 0,
  "doctype": "Property Setter",
  "doctype_or_field": "DocField",
  "field_name": "transporter_name",
  "is_system_generated": 1,
  "modified": "2025-02-19 18:51:53.395390",
  "module": null,
  "name": "Purchase Receipt-transporter_name-no_copy",
  "property": "no_copy",
  "property_type": "Check",
  "row_name": null,
  "value": "1"
 },
 {
  "default_value": null,
  "doc_type": "Purchase Receipt",
  "docstatus": 0,
  "doctype": "Property Setter",
  "doctype_or_field": "DocField",
  "field_name": "transporter_name",
  "is_system_generated": 1,
  "modified": "2025-02-19 18:51:53.401200",
  "module": null,
  "name": "Purchase Receipt-transporter_name-print_hide",
  "property": "print_hide",
  "property_type": "Check",
  "row_name": null,
  "value": "1"
 },
 {
  "default_value": null,
  "doc_type": "Purchase Receipt",
  "docstatus": 0,
  "doctype": "Property Setter",
  "doctype_or_field": "DocField",
  "field_name": "transporter_name",
  "is_system_generated": 1,
  "modified": "2025-02-19 18:51:53.406481",
  "module": null,
  "name": "Purchase Receipt-transporter_name-read_only",
  "property": "read_only",
  "property_type": "Check",
  "row_name": null,
  "value": "1"
 },
 {
  "default_value": null,
  "doc_type": "Purchase Receipt",
  "docstatus": 0,
  "doctype": "Property Setter",
  "doctype_or_field": "DocField",
  "field_name": "lr_no",
  "is_system_generated": 1,
  "modified": "2025-02-19 18:51:53.411678",
  "module": null,
  "name": "Purchase Receipt-lr_no-label",
  "property": "label",
  "property_type": "Data",
  "row_name": null,
  "value": "Transport Receipt No"
 },
 {
  "default_value": null,
  "doc_type": "Purchase Receipt",
  "docstatus": 0,
  "doctype": "Property Setter",
  "doctype_or_field": "DocField",
  "field_name": "lr_no",
  "is_system_generated": 1,
  "modified": "2025-02-19 18:51:53.417426",
  "module": null,
  "name": "Purchase Receipt-lr_no-print_hide",
  "property": "print_hide",
  "property_type": "Check",
  "row_name": null,
  "value": "1"
 },
 {
  "default_value": null,
  "doc_type": "Purchase Receipt",
  "docstatus": 0,
  "doctype": "Property Setter",
  "doctype_or_field": "DocField",
  "field_name": "lr_no",
  "is_system_generated": 1,
  "modified": "2025-02-19 18:51:53.424854",
  "module": null,
  "name": "Purchase Receipt-lr_no-length",
  "property": "length",
  "property_type": "Int",
  "row_name": null,
  "value": "30"
 },
 {
  "default_value": null,
  "doc_type": "Purchase Receipt",
  "docstatus": 0,
  "doctype": "Property Setter",
  "doctype_or_field": "DocField",
  "field_name": "lr_date",
  "is_system_generated": 1,
  "modified": "2025-02-19 18:51:53.432626",
  "module": null,
  "name": "Purchase Receipt-lr_date-label",
  "property": "label",
  "property_type": "Data",
  "row_name": null,
  "value": "Transport Receipt Date"
 },
 {
  "default_value": null,
  "doc_type": "Purchase Receipt",
  "docstatus": 0,
  "doctype": "Property Setter",
  "doctype_or_field": "DocField",
  "field_name": "lr_date",
  "is_system_generated": 1,
  "modified": "2025-02-19 18:51:53.438136",
  "module": null,
  "name": "Purchase Receipt-lr_date-print_hide",
  "property": "print_hide",
  "property_type": "Check",
  "row_name": null,
  "value": "1"
 },
 {
  "default_value": null,
  "doc_type": "Purchase Receipt",
  "docstatus": 0,
  "doctype": "Property Setter",
  "doctype_or_field": "DocField",
  "field_name": "lr_date",
  "is_system_generated": 1,
  "modified": "2025-02-19 18:51:53.444028",
  "module": null,
  "name": "Purchase Receipt-lr_date-default",
  "property": "default",
  "property_type": "Text",
  "row_name": null,
  "value": "Today"
 },
 {
  "default_value": null,
  "doc_type": "Subcontracting Receipt",
  "docstatus": 0,
  "doctype": "Property Setter",
  "doctype_or_field": "DocField",
  "field_name": "transporter_name",
  "is_system_generated": 1,
  "modified": "2025-02-19 18:51:53.452402",
  "module": null,
  "name": "Subcontracting Receipt-transporter_name-fieldtype",
  "property": "fieldtype",
  "property_type": "Select",
  "row_name": null,
  "value": "Small Text"
 },
 {
  "default_value": null,
  "doc_type": "Subcontracting Receipt",
  "docstatus": 0,
  "doctype": "Property Setter",
  "doctype_or_field": "DocField",
  "field_name": "transporter_name",
  "is_system_generated": 1,
  "modified": "2025-02-19 18:51:53.458187",
  "module": null,
  "name": "Subcontracting Receipt-transporter_name-fetch_from",
  "property": "fetch_from",
  "property_type": "Small Text",
  "row_name": null,
  "value": "transporter.supplier_name"
 },
 {
  "default_value": null,
  "doc_type": "Subcontracting Receipt",
  "docstatus": 0,
  "doctype": "Property Setter",
  "doctype_or_field": "DocField",
  "field_name": "transporter_name",
  "is_system_generated": 1,
  "modified": "2025-02-19 18:51:53.464368",
  "module": null,
  "name": "Subcontracting Receipt-transporter_name-no_copy",
  "property": "no_copy",
  "property_type": "Check",
  "row_name": null,
  "value": "1"
 },
 {
  "default_value": null,
  "doc_type": "Subcontracting Receipt",
  "docstatus": 0,
  "doctype": "Property Setter",
  "doctype_or_field": "DocField",
  "field_name": "transporter_name",
  "is_system_generated": 1,
  "modified": "2025-02-19 18:51:53.470010",
  "module": null,
  "name": "Subcontracting Receipt-transporter_name-print_hide",
  "property": "print_hide",
  "property_type": "Check",
  "row_name": null,
  "value": "1"
 },
 {
  "default_value": null,
  "doc_type": "Subcontracting Receipt",
  "docstatus": 0,
  "doctype": "Property Setter",
  "doctype_or_field": "DocField",
  "field_name": "transporter_name",
  "is_system_generated": 1,
  "modified": "2025-02-19 18:51:53.475394",
  "module": null,
  "name": "Subcontracting Receipt-transporter_name-read_only",
  "property": "read_only",
  "property_type": "Check",
  "row_name": null,
  "value": "1"
 },
 {
  "default_value": null,
  "doc_type": "Subcontracting Receipt",
  "docstatus": 0,
  "doctype": "Property Setter",
  "doctype_or_field": "DocField",
  "field_name": "lr_no",
  "is_system_generated": 1,
  "modified": "2025-02-19 18:51:53.481765",
  "module": null,
  "name": "Subcontracting Receipt-lr_no-label",
  "property": "label",
  "property_type": "Data",
  "row_name": null,
  "value": "Transport Receipt No"
 },
 {
  "default_value": null,
  "doc_type": "Subcontracting Receipt",
  "docstatus": 0,
  "doctype": "Property Setter",
  "doctype_or_field": "DocField",
  "field_name": "lr_no",
  "is_system_generated": 1,
  "modified": "2025-02-19 18:51:53.487128",
  "module": null,
  "name": "Subcontracting Receipt-lr_no-print_hide",
  "property": "print_hide",
  "property_type": "Check",
  "row_name": null,
  "value": "1"
 },
 {
  "default_value": null,
  "doc_type": "Subcontracting Receipt",
  "docstatus": 0,
  "doctype": "Property Setter",
  "doctype_or_field": "DocField",
  "field_name": "lr_no",
  "is_system_generated": 1,
  "modified": "2025-02-19 18:51:53.492447",
  "module": null,
  "name": "Subcontracting Receipt-lr_no-length",
  "property": "length",
  "property_type": "Int",
  "row_name": null,
  "value": "30"
 },
 {
  "default_value": null,
  "doc_type": "Subcontracting Receipt",
  "docstatus": 0,
  "doctype": "Property Setter",
  "doctype_or_field": "DocField",
  "field_name": "lr_date",
  "is_system_generated": 1,
  "modified": "2025-02-19 18:51:53.499043",
  "module": null,
  "name": "Subcontracting Receipt-lr_date-label",
  "property": "label",
  "property_type": "Data",
  "row_name": null,
  "value": "Transport Receipt Date"
 },
 {
  "default_value": null,
  "doc_type": "Subcontracting Receipt",
  "docstatus": 0,
  "doctype": "Property Setter",
  "doctype_or_field": "DocField",
  "field_name": "lr_date",
  "is_system_generated": 1,
  "modified": "2025-02-19 18:51:53.504471",
  "module": null,
  "name": "Subcontracting Receipt-lr_date-print_hide",
  "property": "print_hide",
  "property_type": "Check",
  "row_name": null,
  "value": "1"
 },
 {
  "default_value": null,
  "doc_type": "Subcontracting Receipt",
  "docstatus": 0,
  "doctype": "Property Setter",
  "doctype_or_field": "DocField",
  "field_name": "lr_date",
  "is_system_generated": 1,
  "modified": "2025-02-19 18:51:53.509923",
  "module": null,
  "name": "Subcontracting Receipt-lr_date-default",
  "property": "default",
  "property_type": "Text",
  "row_name": null,
  "value": "Today"
 },
 {
  "default_value": null,
  "doc_type": "e-Waybill Log",
  "docstatus": 0,
  "doctype": "Property Setter",
  "doctype_or_field": "DocType",
  "field_name": null,
  "is_system_generated": 0,
  "modified": "2025-02-19 18:51:53.519678",
  "module": null,
  "name": "e-Waybill Log-main-default_print_format",
  "property": "default_print_format",
  "property_type": "Data",
  "row_name": null,
  "value": "e-Waybill"
 },
 {
  "default_value": null,
  "doc_type": "Sales Invoice",
  "docstatus": 0,
  "doctype": "Property Setter",
  "doctype_or_field": "DocType",
  "field_name": null,
  "is_system_generated": 0,
  "modified": "2025-02-19 18:51:53.775965",
  "module": null,
  "name": "Sales Invoice-main-default_print_format",
  "property": "default_print_format",
  "property_type": "Data",
  "row_name": null,
  "value": "GST Tax Invoice"
 },
 {
  "default_value": null,
  "doc_type": "Supplier",
  "docstatus": 0,
  "doctype": "Property Setter",
  "doctype_or_field": "DocField",
  "field_name": "naming_series",
  "is_system_generated": 0,
  "modified": "2025-02-19 18:54:32.673612",
  "module": null,
  "name": "Supplier-naming_series-reqd",
  "property": "reqd",
  "property_type": "Check",
  "row_name": null,
  "value": "0"
 },
 {
  "default_value": null,
  "doc_type": "Supplier",
  "docstatus": 0,
  "doctype": "Property Setter",
  "doctype_or_field": "DocField",
  "field_name": "naming_series",
  "is_system_generated": 0,
  "modified": "2025-02-19 18:54:32.953712",
  "module": null,
  "name": "Supplier-naming_series-hidden",
  "property": "hidden",
  "property_type": "Check",
  "row_name": null,
  "value": "1"
 },
 {
  "default_value": null,
  "doc_type": "Customer",
  "docstatus": 0,
  "doctype": "Property Setter",
  "doctype_or_field": "DocField",
  "field_name": "naming_series",
  "is_system_generated": 0,
  "modified": "2025-02-19 18:54:34.168266",
  "module": null,
  "name": "Customer-naming_series-reqd",
  "property": "reqd",
  "property_type": "Check",
  "row_name": null,
  "value": "0"
 },
 {
  "default_value": null,
  "doc_type": "Customer",
  "docstatus": 0,
  "doctype": "Property Setter",
  "doctype_or_field": "DocField",
  "field_name": "naming_series",
  "is_system_generated": 0,
  "modified": "2025-02-19 18:54:34.414388",
  "module": null,
  "name": "Customer-naming_series-hidden",
  "property": "hidden",
  "property_type": "Check",
  "row_name": null,
  "value": "1"
 },
 {
  "default_value": null,
  "doc_type": "Sales Order",
  "docstatus": 0,
  "doctype": "Property Setter",
  "doctype_or_field": "DocField",
  "field_name": "tax_id",
  "is_system_generated": 0,
  "modified": "2025-02-19 18:54:34.432514",
  "module": null,
  "name": "Sales Order-tax_id-hidden",
  "property": "hidden",
  "property_type": "Check",
  "row_name": null,
  "value": "0"
 },
 {
  "default_value": null,
  "doc_type": "Sales Order",
  "docstatus": 0,
  "doctype": "Property Setter",
  "doctype_or_field": "DocField",
  "field_name": "tax_id",
  "is_system_generated": 0,
  "modified": "2025-02-19 18:54:34.443508",
  "module": null,
  "name": "Sales Order-tax_id-print_hide",
  "property": "print_hide",
  "property_type": "Check",
  "row_name": null,
  "value": "0"
 },
 {
  "default_value": null,
  "doc_type": "Sales Invoice",
  "docstatus": 0,
  "doctype": "Property Setter",
  "doctype_or_field": "DocField",
  "field_name": "tax_id",
  "is_system_generated": 0,
  "modified": "2025-02-19 18:54:34.454931",
  "module": null,
  "name": "Sales Invoice-tax_id-hidden",
  "property": "hidden",
  "property_type": "Check",
  "row_name": null,
  "value": "0"
 },
 {
  "default_value": null,
  "doc_type": "Sales Invoice",
  "docstatus": 0,
  "doctype": "Property Setter",
  "doctype_or_field": "DocField",
  "field_name": "tax_id",
  "is_system_generated": 0,
  "modified": "2025-02-19 18:54:34.466231",
  "module": null,
  "name": "Sales Invoice-tax_id-print_hide",
  "property": "print_hide",
  "property_type": "Check",
  "row_name": null,
  "value": "0"
 },
 {
  "default_value": null,
  "doc_type": "Delivery Note",
  "docstatus": 0,
  "doctype": "Property Setter",
  "doctype_or_field": "DocField",
  "field_name": "tax_id",
  "is_system_generated": 0,
  "modified": "2025-02-19 18:54:34.476545",
  "module": null,
  "name": "Delivery Note-tax_id-hidden",
  "property": "hidden",
  "property_type": "Check",
  "row_name": null,
  "value": "0"
 },
 {
  "default_value": null,
  "doc_type": "Delivery Note",
  "docstatus": 0,
  "doctype": "Property Setter",
  "doctype_or_field": "DocField",
  "field_name": "tax_id",
  "is_system_generated": 0,
  "modified": "2025-02-19 18:54:34.487094",
  "module": null,
  "name": "Delivery Note-tax_id-print_hide",
  "property": "print_hide",
  "property_type": "Check",
  "row_name": null,
  "value": "0"
 },
 {
  "default_value": null,
  "doc_type": "Packed Item",
  "docstatus": 0,
  "doctype": "Property Setter",
  "doctype_or_field": "DocField",
  "field_name": "rate",
  "is_system_generated": 0,
  "modified": "2025-02-19 18:54:34.498195",
  "module": null,
  "name": "Packed Item-rate-read_only",
  "property": "read_only",
  "property_type": "Check",
  "row_name": null,
  "value": "1"
 },
 {
  "default_value": null,
  "doc_type": "Sales Invoice Item",
  "docstatus": 0,
  "doctype": "Property Setter",
  "doctype_or_field": "DocField",
  "field_name": "discount_account",
  "is_system_generated": 0,
  "modified": "2025-02-19 18:54:34.517590",
  "module": null,
  "name": "Sales Invoice Item-discount_account-hidden",
  "property": "hidden",
  "property_type": "Check",
  "row_name": null,
  "value": "1"
 },
 {
  "default_value": null,
  "doc_type": "Sales Invoice Item",
  "docstatus": 0,
  "doctype": "Property Setter",
  "doctype_or_field": "DocField",
  "field_name": "discount_account",
  "is_system_generated": 0,
  "modified": "2025-02-19 18:54:34.532721",
  "module": null,
  "name": "Sales Invoice Item-discount_account-mandatory_depends_on",
  "property": "mandatory_depends_on",
  "property_type": "Code",
  "row_name": null,
  "value": ""
 },
 {
  "default_value": null,
  "doc_type": "Sales Invoice",
  "docstatus": 0,
  "doctype": "Property Setter",
  "doctype_or_field": "DocField",
  "field_name": "additional_discount_account",
  "is_system_generated": 0,
  "modified": "2025-02-19 18:54:34.547784",
  "module": null,
  "name": "Sales Invoice-additional_discount_account-hidden",
  "property": "hidden",
  "property_type": "Check",
  "row_name": null,
  "value": "1"
 },
 {
  "default_value": null,
  "doc_type": "Sales Invoice",
  "docstatus": 0,
  "doctype": "Property Setter",
  "doctype_or_field": "DocField",
  "field_name": "additional_discount_account",
  "is_system_generated": 0,
  "modified": "2025-02-19 18:54:34.562152",
  "module": null,
  "name": "Sales Invoice-additional_discount_account-mandatory_depends_on",
  "property": "mandatory_depends_on",
  "property_type": "Code",
  "row_name": null,
  "value": ""
 },
 {
  "default_value": null,
  "doc_type": "Quotation",
  "docstatus": 0,
  "doctype": "Property Setter",
  "doctype_or_field": "DocField",
  "field_name": "base_rounded_total",
  "is_system_generated": 0,
  "modified": "2025-02-19 18:54:36.320499",
  "module": null,
  "name": "Quotation-base_rounded_total-hidden",
  "property": "hidden",
  "property_type": "Check",
  "row_name": null,
  "value": "0"
 },
 {
  "default_value": null,
  "doc_type": "Quotation",
  "docstatus": 0,
  "doctype": "Property Setter",
  "doctype_or_field": "DocField",
  "field_name": "base_rounded_total",
  "is_system_generated": 0,
  "modified": "2025-02-19 18:54:36.592443",
  "module": null,
  "name": "Quotation-base_rounded_total-print_hide",
  "property": "print_hide",
  "property_type": "Check",
  "row_name": null,
  "value": "1"
 },
 {
  "default_value": null,
  "doc_type": "Quotation",
  "docstatus": 0,
  "doctype": "Property Setter",
  "doctype_or_field": "DocField",
  "field_name": "rounded_total",
  "is_system_generated": 0,
  "modified": "2025-02-19 18:54:36.606152",
  "module": null,
  "name": "Quotation-rounded_total-hidden",
  "property": "hidden",
  "property_type": "Check",
  "row_name": null,
  "value": "0"
 },
 {
  "default_value": null,
  "doc_type": "Quotation",
  "docstatus": 0,
  "doctype": "Property Setter",
  "doctype_or_field": "DocField",
  "field_name": "rounded_total",
  "is_system_generated": 0,
  "modified": "2025-02-19 18:54:36.619824",
  "module": null,
  "name": "Quotation-rounded_total-print_hide",
  "property": "print_hide",
  "property_type": "Check",
  "row_name": null,
  "value": "0"
 },
 {
  "default_value": null,
  "doc_type": "Quotation",
  "docstatus": 0,
  "doctype": "Property Setter",
  "doctype_or_field": "DocField",
  "field_name": "disable_rounded_total",
  "is_system_generated": 0,
  "modified": "2025-02-19 18:54:36.633808",
  "module": null,
  "name": "Quotation-disable_rounded_total-default",
  "property": "default",
  "property_type": "Text",
  "row_name": null,
  "value": "0"
 },
 {
  "default_value": null,
  "doc_type": "Sales Order",
  "docstatus": 0,
  "doctype": "Property Setter",
  "doctype_or_field": "DocField",
  "field_name": "base_rounded_total",
  "is_system_generated": 0,
  "modified": "2025-02-19 18:54:36.647209",
  "module": null,
  "name": "Sales Order-base_rounded_total-hidden",
  "property": "hidden",
  "property_type": "Check",
  "row_name": null,
  "value": "0"
 },
 {
  "default_value": null,
  "doc_type": "Sales Order",
  "docstatus": 0,
  "doctype": "Property Setter",
  "doctype_or_field": "DocField",
  "field_name": "base_rounded_total",
  "is_system_generated": 0,
  "modified": "2025-02-19 18:54:36.660112",
  "module": null,
  "name": "Sales Order-base_rounded_total-print_hide",
  "property": "print_hide",
  "property_type": "Check",
  "row_name": null,
  "value": "1"
 },
 {
  "default_value": null,
  "doc_type": "Sales Order",
  "docstatus": 0,
  "doctype": "Property Setter",
  "doctype_or_field": "DocField",
  "field_name": "rounded_total",
  "is_system_generated": 0,
  "modified": "2025-02-19 18:54:36.673958",
  "module": null,
  "name": "Sales Order-rounded_total-hidden",
  "property": "hidden",
  "property_type": "Check",
  "row_name": null,
  "value": "0"
 },
 {
  "default_value": null,
  "doc_type": "Sales Order",
  "docstatus": 0,
  "doctype": "Property Setter",
  "doctype_or_field": "DocField",
  "field_name": "rounded_total",
  "is_system_generated": 0,
  "modified": "2025-02-19 18:54:36.687692",
  "module": null,
  "name": "Sales Order-rounded_total-print_hide",
  "property": "print_hide",
  "property_type": "Check",
  "row_name": null,
  "value": "0"
 },
 {
  "default_value": null,
  "doc_type": "Sales Order",
  "docstatus": 0,
  "doctype": "Property Setter",
  "doctype_or_field": "DocField",
  "field_name": "disable_rounded_total",
  "is_system_generated": 0,
  "modified": "2025-02-19 18:54:36.701273",
  "module": null,
  "name": "Sales Order-disable_rounded_total-default",
  "property": "default",
  "property_type": "Text",
  "row_name": null,
  "value": "0"
 },
 {
  "default_value": null,
  "doc_type": "Sales Invoice",
  "docstatus": 0,
  "doctype": "Property Setter",
  "doctype_or_field": "DocField",
  "field_name": "base_rounded_total",
  "is_system_generated": 0,
  "modified": "2025-02-19 18:54:36.715106",
  "module": null,
  "name": "Sales Invoice-base_rounded_total-hidden",
  "property": "hidden",
  "property_type": "Check",
  "row_name": null,
  "value": "0"
 },
 {
  "default_value": null,
  "doc_type": "Sales Invoice",
  "docstatus": 0,
  "doctype": "Property Setter",
  "doctype_or_field": "DocField",
  "field_name": "base_rounded_total",
  "is_system_generated": 0,
  "modified": "2025-02-19 18:54:36.729573",
  "module": null,
  "name": "Sales Invoice-base_rounded_total-print_hide",
  "property": "print_hide",
  "property_type": "Check",
  "row_name": null,
  "value": "1"
 },
 {
  "default_value": null,
  "doc_type": "Sales Invoice",
  "docstatus": 0,
  "doctype": "Property Setter",
  "doctype_or_field": "DocField",
  "field_name": "rounded_total",
  "is_system_generated": 0,
  "modified": "2025-02-19 18:54:36.744085",
  "module": null,
  "name": "Sales Invoice-rounded_total-hidden",
  "property": "hidden",
  "property_type": "Check",
  "row_name": null,
  "value": "0"
 },
 {
  "default_value": null,
  "doc_type": "Sales Invoice",
  "docstatus": 0,
  "doctype": "Property Setter",
  "doctype_or_field": "DocField",
  "field_name": "rounded_total",
  "is_system_generated": 0,
  "modified": "2025-02-19 18:54:36.758343",
  "module": null,
  "name": "Sales Invoice-rounded_total-print_hide",
  "property": "print_hide",
  "property_type": "Check",
  "row_name": null,
  "value": "0"
 },
 {
  "default_value": null,
  "doc_type": "Sales Invoice",
  "docstatus": 0,
  "doctype": "Property Setter",
  "doctype_or_field": "DocField",
  "field_name": "disable_rounded_total",
  "is_system_generated": 0,
  "modified": "2025-02-19 18:54:36.771280",
  "module": null,
  "name": "Sales Invoice-disable_rounded_total-default",
  "property": "default",
  "property_type": "Text",
  "row_name": null,
  "value": "0"
 },
 {
  "default_value": null,
  "doc_type": "Delivery Note",
  "docstatus": 0,
  "doctype": "Property Setter",
  "doctype_or_field": "DocField",
  "field_name": "base_rounded_total",
  "is_system_generated": 0,
  "modified": "2025-02-19 18:54:36.787062",
  "module": null,
  "name": "Delivery Note-base_rounded_total-hidden",
  "property": "hidden",
  "property_type": "Check",
  "row_name": null,
  "value": "0"
 },
 {
  "default_value": null,
  "doc_type": "Delivery Note",
  "docstatus": 0,
  "doctype": "Property Setter",
  "doctype_or_field": "DocField",
  "field_name": "base_rounded_total",
  "is_system_generated": 0,
  "modified": "2025-02-19 18:54:36.800903",
  "module": null,
  "name": "Delivery Note-base_rounded_total-print_hide",
  "property": "print_hide",
  "property_type": "Check",
  "row_name": null,
  "value": "1"
 },
 {
  "default_value": null,
  "doc_type": "Delivery Note",
  "docstatus": 0,
  "doctype": "Property Setter",
  "doctype_or_field": "DocField",
  "field_name": "rounded_total",
  "is_system_generated": 0,
  "modified": "2025-02-19 18:54:36.814532",
  "module": null,
  "name": "Delivery Note-rounded_total-hidden",
  "property": "hidden",
  "property_type": "Check",
  "row_name": null,
  "value": "0"
 },
 {
  "default_value": null,
  "doc_type": "Delivery Note",
  "docstatus": 0,
  "doctype": "Property Setter",
  "doctype_or_field": "DocField",
  "field_name": "rounded_total",
  "is_system_generated": 0,
  "modified": "2025-02-19 18:54:36.829042",
  "module": null,
  "name": "Delivery Note-rounded_total-print_hide",
  "property": "print_hide",
  "property_type": "Check",
  "row_name": null,
  "value": "0"
 },
 {
  "default_value": null,
  "doc_type": "Delivery Note",
  "docstatus": 0,
  "doctype": "Property Setter",
  "doctype_or_field": "DocField",
  "field_name": "disable_rounded_total",
  "is_system_generated": 0,
  "modified": "2025-02-19 18:54:36.843811",
  "module": null,
  "name": "Delivery Note-disable_rounded_total-default",
  "property": "default",
  "property_type": "Text",
  "row_name": null,
  "value": "0"
 },
 {
  "default_value": null,
  "doc_type": "Supplier Quotation",
  "docstatus": 0,
  "doctype": "Property Setter",
  "doctype_or_field": "DocField",
  "field_name": "base_rounded_total",
  "is_system_generated": 0,
  "modified": "2025-02-19 18:54:36.857388",
  "module": null,
  "name": "Supplier Quotation-base_rounded_total-hidden",
  "property": "hidden",
  "property_type": "Check",
  "row_name": null,
  "value": "0"
 },
 {
  "default_value": null,
  "doc_type": "Supplier Quotation",
  "docstatus": 0,
  "doctype": "Property Setter",
  "doctype_or_field": "DocField",
  "field_name": "base_rounded_total",
  "is_system_generated": 0,
  "modified": "2025-02-19 18:54:36.872159",
  "module": null,
  "name": "Supplier Quotation-base_rounded_total-print_hide",
  "property": "print_hide",
  "property_type": "Check",
  "row_name": null,
  "value": "1"
 },
 {
  "default_value": null,
  "doc_type": "Supplier Quotation",
  "docstatus": 0,
  "doctype": "Property Setter",
  "doctype_or_field": "DocField",
  "field_name": "rounded_total",
  "is_system_generated": 0,
  "modified": "2025-02-19 18:54:36.886445",
  "module": null,
  "name": "Supplier Quotation-rounded_total-hidden",
  "property": "hidden",
  "property_type": "Check",
  "row_name": null,
  "value": "0"
 },
 {
  "default_value": null,
  "doc_type": "Supplier Quotation",
  "docstatus": 0,
  "doctype": "Property Setter",
  "doctype_or_field": "DocField",
  "field_name": "rounded_total",
  "is_system_generated": 0,
  "modified": "2025-02-19 18:54:36.901725",
  "module": null,
  "name": "Supplier Quotation-rounded_total-print_hide",
  "property": "print_hide",
  "property_type": "Check",
  "row_name": null,
  "value": "0"
 },
 {
  "default_value": null,
  "doc_type": "Supplier Quotation",
  "docstatus": 0,
  "doctype": "Property Setter",
  "doctype_or_field": "DocField",
  "field_name": "disable_rounded_total",
  "is_system_generated": 0,
  "modified": "2025-02-19 18:54:36.915662",
  "module": null,
  "name": "Supplier Quotation-disable_rounded_total-default",
  "property": "default",
  "property_type": "Text",
  "row_name": null,
  "value": "0"
 },
 {
  "default_value": null,
  "doc_type": "Purchase Order",
  "docstatus": 0,
  "doctype": "Property Setter",
  "doctype_or_field": "DocField",
  "field_name": "base_rounded_total",
  "is_system_generated": 0,
  "modified": "2025-02-19 18:54:36.927905",
  "module": null,
  "name": "Purchase Order-base_rounded_total-hidden",
  "property": "hidden",
  "property_type": "Check",
  "row_name": null,
  "value": "0"
 },
 {
  "default_value": null,
  "doc_type": "Purchase Order",
  "docstatus": 0,
  "doctype": "Property Setter",
  "doctype_or_field": "DocField",
  "field_name": "base_rounded_total",
  "is_system_generated": 0,
  "modified": "2025-02-19 18:54:36.939254",
  "module": null,
  "name": "Purchase Order-base_rounded_total-print_hide",
  "property": "print_hide",
  "property_type": "Check",
  "row_name": null,
  "value": "1"
 },
 {
  "default_value": null,
  "doc_type": "Purchase Order",
  "docstatus": 0,
  "doctype": "Property Setter",
  "doctype_or_field": "DocField",
  "field_name": "rounded_total",
  "is_system_generated": 0,
  "modified": "2025-02-19 18:54:36.950027",
  "module": null,
  "name": "Purchase Order-rounded_total-hidden",
  "property": "hidden",
  "property_type": "Check",
  "row_name": null,
  "value": "0"
 },
 {
  "default_value": null,
  "doc_type": "Purchase Order",
  "docstatus": 0,
  "doctype": "Property Setter",
  "doctype_or_field": "DocField",
  "field_name": "rounded_total",
  "is_system_generated": 0,
  "modified": "2025-02-19 18:54:36.960981",
  "module": null,
  "name": "Purchase Order-rounded_total-print_hide",
  "property": "print_hide",
  "property_type": "Check",
  "row_name": null,
  "value": "0"
 },
 {
  "default_value": null,
  "doc_type": "Purchase Order",
  "docstatus": 0,
  "doctype": "Property Setter",
  "doctype_or_field": "DocField",
  "field_name": "disable_rounded_total",
  "is_system_generated": 0,
  "modified": "2025-02-19 18:54:36.972463",
  "module": null,
  "name": "Purchase Order-disable_rounded_total-default",
  "property": "default",
  "property_type": "Text",
  "row_name": null,
  "value": "0"
 },
 {
  "default_value": null,
  "doc_type": "Purchase Invoice",
  "docstatus": 0,
  "doctype": "Property Setter",
  "doctype_or_field": "DocField",
  "field_name": "base_rounded_total",
  "is_system_generated": 0,
  "modified": "2025-02-19 18:54:36.983726",
  "module": null,
  "name": "Purchase Invoice-base_rounded_total-hidden",
  "property": "hidden",
  "property_type": "Check",
  "row_name": null,
  "value": "0"
 },
 {
  "default_value": null,
  "doc_type": "Purchase Invoice",
  "docstatus": 0,
  "doctype": "Property Setter",
  "doctype_or_field": "DocField",
  "field_name": "base_rounded_total",
  "is_system_generated": 0,
  "modified": "2025-02-19 18:54:36.994745",
  "module": null,
  "name": "Purchase Invoice-base_rounded_total-print_hide",
  "property": "print_hide",
  "property_type": "Check",
  "row_name": null,
  "value": "1"
 },
 {
  "default_value": null,
  "doc_type": "Purchase Invoice",
  "docstatus": 0,
  "doctype": "Property Setter",
  "doctype_or_field": "DocField",
  "field_name": "rounded_total",
  "is_system_generated": 0,
  "modified": "2025-02-19 18:54:37.006664",
  "module": null,
  "name": "Purchase Invoice-rounded_total-hidden",
  "property": "hidden",
  "property_type": "Check",
  "row_name": null,
  "value": "0"
 },
 {
  "default_value": null,
  "doc_type": "Purchase Invoice",
  "docstatus": 0,
  "doctype": "Property Setter",
  "doctype_or_field": "DocField",
  "field_name": "rounded_total",
  "is_system_generated": 0,
  "modified": "2025-02-19 18:54:37.018118",
  "module": null,
  "name": "Purchase Invoice-rounded_total-print_hide",
  "property": "print_hide",
  "property_type": "Check",
  "row_name": null,
  "value": "0"
 },
 {
  "default_value": null,
  "doc_type": "Purchase Invoice",
  "docstatus": 0,
  "doctype": "Property Setter",
  "doctype_or_field": "DocField",
  "field_name": "disable_rounded_total",
  "is_system_generated": 0,
  "modified": "2025-02-19 18:54:37.029755",
  "module": null,
  "name": "Purchase Invoice-disable_rounded_total-default",
  "property": "default",
  "property_type": "Text",
  "row_name": null,
  "value": "0"
 },
 {
  "default_value": null,
  "doc_type": "Purchase Receipt",
  "docstatus": 0,
  "doctype": "Property Setter",
  "doctype_or_field": "DocField",
  "field_name": "base_rounded_total",
  "is_system_generated": 0,
  "modified": "2025-02-19 18:54:37.041193",
  "module": null,
  "name": "Purchase Receipt-base_rounded_total-hidden",
  "property": "hidden",
  "property_type": "Check",
  "row_name": null,
  "value": "0"
 },
 {
  "default_value": null,
  "doc_type": "Purchase Receipt",
  "docstatus": 0,
  "doctype": "Property Setter",
  "doctype_or_field": "DocField",
  "field_name": "base_rounded_total",
  "is_system_generated": 0,
  "modified": "2025-02-19 18:54:37.052617",
  "module": null,
  "name": "Purchase Receipt-base_rounded_total-print_hide",
  "property": "print_hide",
  "property_type": "Check",
  "row_name": null,
  "value": "1"
 },
 {
  "default_value": null,
  "doc_type": "Purchase Receipt",
  "docstatus": 0,
  "doctype": "Property Setter",
  "doctype_or_field": "DocField",
  "field_name": "rounded_total",
  "is_system_generated": 0,
  "modified": "2025-02-19 18:54:37.063770",
  "module": null,
  "name": "Purchase Receipt-rounded_total-hidden",
  "property": "hidden",
  "property_type": "Check",
  "row_name": null,
  "value": "0"
 },
 {
  "default_value": null,
  "doc_type": "Purchase Receipt",
  "docstatus": 0,
  "doctype": "Property Setter",
  "doctype_or_field": "DocField",
  "field_name": "rounded_total",
  "is_system_generated": 0,
  "modified": "2025-02-19 18:54:37.074944",
  "module": null,
  "name": "Purchase Receipt-rounded_total-print_hide",
  "property": "print_hide",
  "property_type": "Check",
  "row_name": null,
  "value": "0"
 },
 {
  "default_value": null,
  "doc_type": "Purchase Receipt",
  "docstatus": 0,
  "doctype": "Property Setter",
  "doctype_or_field": "DocField",
  "field_name": "disable_rounded_total",
  "is_system_generated": 0,
  "modified": "2025-02-19 18:54:37.086751",
  "module": null,
  "name": "Purchase Receipt-disable_rounded_total-default",
  "property": "default",
  "property_type": "Text",
  "row_name": null,
  "value": "0"
 },
 {
  "default_value": null,
  "doc_type": "Quotation",
  "docstatus": 0,
  "doctype": "Property Setter",
  "doctype_or_field": "DocField",
  "field_name": "in_words",
  "is_system_generated": 0,
  "modified": "2025-02-19 18:54:37.098382",
  "module": null,
  "name": "Quotation-in_words-hidden",
  "property": "hidden",
  "property_type": "Check",
  "row_name": null,
  "value": "0"
 },
 {
  "default_value": null,
  "doc_type": "Quotation",
  "docstatus": 0,
  "doctype": "Property Setter",
  "doctype_or_field": "DocField",
  "field_name": "in_words",
  "is_system_generated": 0,
  "modified": "2025-02-19 18:54:37.110017",
  "module": null,
  "name": "Quotation-in_words-print_hide",
  "property": "print_hide",
  "property_type": "Check",
  "row_name": null,
  "value": "0"
 },
 {
  "default_value": null,
  "doc_type": "Sales Order",
  "docstatus": 0,
  "doctype": "Property Setter",
  "doctype_or_field": "DocField",
  "field_name": "in_words",
  "is_system_generated": 0,
  "modified": "2025-02-19 18:54:37.121429",
  "module": null,
  "name": "Sales Order-in_words-hidden",
  "property": "hidden",
  "property_type": "Check",
  "row_name": null,
  "value": "0"
 },
 {
  "default_value": null,
  "doc_type": "Sales Order",
  "docstatus": 0,
  "doctype": "Property Setter",
  "doctype_or_field": "DocField",
  "field_name": "in_words",
  "is_system_generated": 0,
  "modified": "2025-02-19 18:54:37.133659",
  "module": null,
  "name": "Sales Order-in_words-print_hide",
  "property": "print_hide",
  "property_type": "Check",
  "row_name": null,
  "value": "0"
 },
 {
  "default_value": null,
  "doc_type": "Sales Invoice",
  "docstatus": 0,
  "doctype": "Property Setter",
  "doctype_or_field": "DocField",
  "field_name": "in_words",
  "is_system_generated": 0,
  "modified": "2025-02-19 18:54:37.145429",
  "module": null,
  "name": "Sales Invoice-in_words-hidden",
  "property": "hidden",
  "property_type": "Check",
  "row_name": null,
  "value": "0"
 },
 {
  "default_value": null,
  "doc_type": "Sales Invoice",
  "docstatus": 0,
  "doctype": "Property Setter",
  "doctype_or_field": "DocField",
  "field_name": "in_words",
  "is_system_generated": 0,
  "modified": "2025-02-19 18:54:37.156862",
  "module": null,
  "name": "Sales Invoice-in_words-print_hide",
  "property": "print_hide",
  "property_type": "Check",
  "row_name": null,
  "value": "0"
 },
 {
  "default_value": null,
  "doc_type": "Delivery Note",
  "docstatus": 0,
  "doctype": "Property Setter",
  "doctype_or_field": "DocField",
  "field_name": "in_words",
  "is_system_generated": 0,
  "modified": "2025-02-19 18:54:37.167948",
  "module": null,
  "name": "Delivery Note-in_words-hidden",
  "property": "hidden",
  "property_type": "Check",
  "row_name": null,
  "value": "0"
 },
 {
  "default_value": null,
  "doc_type": "Delivery Note",
  "docstatus": 0,
  "doctype": "Property Setter",
  "doctype_or_field": "DocField",
  "field_name": "in_words",
  "is_system_generated": 0,
  "modified": "2025-02-19 18:54:37.179508",
  "module": null,
  "name": "Delivery Note-in_words-print_hide",
  "property": "print_hide",
  "property_type": "Check",
  "row_name": null,
  "value": "0"
 },
 {
  "default_value": null,
  "doc_type": "Supplier Quotation",
  "docstatus": 0,
  "doctype": "Property Setter",
  "doctype_or_field": "DocField",
  "field_name": "in_words",
  "is_system_generated": 0,
  "modified": "2025-02-19 18:54:37.191251",
  "module": null,
  "name": "Supplier Quotation-in_words-hidden",
  "property": "hidden",
  "property_type": "Check",
  "row_name": null,
  "value": "0"
 },
 {
  "default_value": null,
  "doc_type": "Supplier Quotation",
  "docstatus": 0,
  "doctype": "Property Setter",
  "doctype_or_field": "DocField",
  "field_name": "in_words",
  "is_system_generated": 0,
  "modified": "2025-02-19 18:54:37.203016",
  "module": null,
  "name": "Supplier Quotation-in_words-print_hide",
  "property": "print_hide",
  "property_type": "Check",
  "row_name": null,
  "value": "0"
 },
 {
  "default_value": null,
  "doc_type": "Purchase Order",
  "docstatus": 0,
  "doctype": "Property Setter",
  "doctype_or_field": "DocField",
  "field_name": "in_words",
  "is_system_generated": 0,
  "modified": "2025-02-19 18:54:37.214054",
  "module": null,
  "name": "Purchase Order-in_words-hidden",
  "property": "hidden",
  "property_type": "Check",
  "row_name": null,
  "value": "0"
 },
 {
  "default_value": null,
  "doc_type": "Purchase Order",
  "docstatus": 0,
  "doctype": "Property Setter",
  "doctype_or_field": "DocField",
  "field_name": "in_words",
  "is_system_generated": 0,
  "modified": "2025-02-19 18:54:37.225139",
  "module": null,
  "name": "Purchase Order-in_words-print_hide",
  "property": "print_hide",
  "property_type": "Check",
  "row_name": null,
  "value": "0"
 },
 {
  "default_value": null,
  "doc_type": "Purchase Invoice",
  "docstatus": 0,
  "doctype": "Property Setter",
  "doctype_or_field": "DocField",
  "field_name": "in_words",
  "is_system_generated": 0,
  "modified": "2025-02-19 18:54:37.236989",
  "module": null,
  "name": "Purchase Invoice-in_words-hidden",
  "property": "hidden",
  "property_type": "Check",
  "row_name": null,
  "value": "0"
 },
 {
  "default_value": null,
  "doc_type": "Purchase Invoice",
  "docstatus": 0,
  "doctype": "Property Setter",
  "doctype_or_field": "DocField",
  "field_name": "in_words",
  "is_system_generated": 0,
  "modified": "2025-02-19 18:54:37.248604",
  "module": null,
  "name": "Purchase Invoice-in_words-print_hide",
  "property": "print_hide",
  "property_type": "Check",
  "row_name": null,
  "value": "0"
 },
 {
  "default_value": null,
  "doc_type": "Purchase Receipt",
  "docstatus": 0,
  "doctype": "Property Setter",
  "doctype_or_field": "DocField",
  "field_name": "in_words",
  "is_system_generated": 0,
  "modified": "2025-02-19 18:54:37.260046",
  "module": null,
  "name": "Purchase Receipt-in_words-hidden",
  "property": "hidden",
  "property_type": "Check",
  "row_name": null,
  "value": "0"
 },
 {
  "default_value": null,
  "doc_type": "Purchase Receipt",
  "docstatus": 0,
  "doctype": "Property Setter",
  "doctype_or_field": "DocField",
  "field_name": "in_words",
  "is_system_generated": 0,
  "modified": "2025-02-19 18:54:37.271355",
  "module": null,
  "name": "Purchase Receipt-in_words-print_hide",
  "property": "print_hide",
  "property_type": "Check",
  "row_name": null,
  "value": "0"
 },
 {
  "default_value": null,
  "doc_type": "Item",
  "docstatus": 0,
  "doctype": "Property Setter",
  "doctype_or_field": "DocField",
  "field_name": "naming_series",
  "is_system_generated": 0,
  "modified": "2025-02-19 18:54:39.292431",
  "module": null,
  "name": "Item-naming_series-reqd",
  "property": "reqd",
  "property_type": "Check",
  "row_name": null,
  "value": "0"
 },
 {
  "default_value": null,
  "doc_type": "Item",
  "docstatus": 0,
  "doctype": "Property Setter",
  "doctype_or_field": "DocField",
  "field_name": "naming_series",
  "is_system_generated": 0,
  "modified": "2025-02-19 18:54:39.538289",
  "module": null,
  "name": "Item-naming_series-hidden",
  "property": "hidden",
  "property_type": "Check",
  "row_name": null,
  "value": "1"
 },
 {
  "default_value": null,
  "doc_type": "Item",
  "docstatus": 0,
  "doctype": "Property Setter",
  "doctype_or_field": "DocField",
  "field_name": "item_code",
  "is_system_generated": 0,
  "modified": "2025-02-19 18:54:39.549993",
  "module": null,
  "name": "Item-item_code-hidden",
  "property": "hidden",
  "property_type": "Check",
  "row_name": null,
  "value": "0"
 },
 {
  "default_value": null,
  "doc_type": "Item",
  "docstatus": 0,
  "doctype": "Property Setter",
  "doctype_or_field": "DocField",
  "field_name": "item_code",
  "is_system_generated": 0,
  "modified": "2025-02-19 18:54:39.561410",
  "module": null,
  "name": "Item-item_code-reqd",
  "property": "reqd",
  "property_type": "Check",
  "row_name": null,
  "value": "1"
 },
 {
  "default_value": null,
  "doc_type": "Delivery Note Item",
  "docstatus": 0,
  "doctype": "Property Setter",
  "doctype_or_field": "DocField",
  "field_name": "barcode",
  "is_system_generated": 1,
  "modified": "2025-02-19 18:54:39.574851",
  "module": null,
  "name": "Delivery Note Item-barcode-hidden",
  "property": "hidden",
  "property_type": "Check",
  "row_name": null,
  "value": "0"
 },
 {
  "default_value": null,
  "doc_type": "Job Card",
  "docstatus": 0,
  "doctype": "Property Setter",
  "doctype_or_field": "DocField",
  "field_name": "barcode",
  "is_system_generated": 1,
  "modified": "2025-02-19 18:54:39.589937",
  "module": null,
  "name": "Job Card-barcode-hidden",
  "property": "hidden",
  "property_type": "Check",
  "row_name": null,
  "value": "0"
 },
 {
  "default_value": null,
  "doc_type": "POS Invoice Item",
  "docstatus": 0,
  "doctype": "Property Setter",
  "doctype_or_field": "DocField",
  "field_name": "barcode",
  "is_system_generated": 1,
  "modified": "2025-02-19 18:54:39.603678",
  "module": null,
  "name": "POS Invoice Item-barcode-hidden",
  "property": "hidden",
  "property_type": "Check",
  "row_name": null,
  "value": "0"
 },
 {
  "default_value": null,
  "doc_type": "Purchase Receipt Item",
  "docstatus": 0,
  "doctype": "Property Setter",
  "doctype_or_field": "DocField",
  "field_name": "barcode",
  "is_system_generated": 1,
  "modified": "2025-02-19 18:54:39.617622",
  "module": null,
  "name": "Purchase Receipt Item-barcode-hidden",
  "property": "hidden",
  "property_type": "Check",
  "row_name": null,
  "value": "0"
 },
 {
  "default_value": null,
  "doc_type": "Sales Invoice Item",
  "docstatus": 0,
  "doctype": "Property Setter",
  "doctype_or_field": "DocField",
  "field_name": "barcode",
  "is_system_generated": 1,
  "modified": "2025-02-19 18:54:39.631284",
  "module": null,
  "name": "Sales Invoice Item-barcode-hidden",
  "property": "hidden",
  "property_type": "Check",
  "row_name": null,
  "value": "0"
 },
 {
  "default_value": null,
  "doc_type": "Stock Reconciliation Item",
  "docstatus": 0,
  "doctype": "Property Setter",
  "doctype_or_field": "DocField",
  "field_name": "barcode",
  "is_system_generated": 1,
  "modified": "2025-02-19 18:54:39.646475",
  "module": null,
  "name": "Stock Reconciliation Item-barcode-hidden",
  "property": "hidden",
  "property_type": "Check",
  "row_name": null,
  "value": "0"
 },
 {
  "default_value": null,
  "doc_type": "Item Barcode",
  "docstatus": 0,
  "doctype": "Property Setter",
  "doctype_or_field": "DocField",
  "field_name": "barcode",
  "is_system_generated": 1,
  "modified": "2025-02-19 18:54:39.663706",
  "module": null,
  "name": "Item Barcode-barcode-hidden",
  "property": "hidden",
  "property_type": "Check",
  "row_name": null,
  "value": "0"
 },
 {
  "default_value": null,
  "doc_type": "Stock Entry Detail",
  "docstatus": 0,
  "doctype": "Property Setter",
  "doctype_or_field": "DocField",
  "field_name": "barcode",
  "is_system_generated": 1,
  "modified": "2025-02-19 18:54:39.681523",
  "module": null,
  "name": "Stock Entry Detail-barcode-hidden",
  "property": "hidden",
  "property_type": "Check",
  "row_name": null,
  "value": "0"
 },
 {
  "default_value": null,
  "doc_type": "Item",
  "docstatus": 0,
  "doctype": "Property Setter",
  "doctype_or_field": "DocField",
  "field_name": "barcodes",
  "is_system_generated": 1,
  "modified": "2025-02-19 18:54:39.698585",
  "module": null,
  "name": "Item-barcodes-hidden",
  "property": "hidden",
  "property_type": "Check",
  "row_name": null,
  "value": "0"
 },
 {
  "default_value": null,
  "doc_type": "Material Request",
  "docstatus": 0,
  "doctype": "Property Setter",
  "doctype_or_field": "DocField",
  "field_name": "scan_barcode",
  "is_system_generated": 1,
  "modified": "2025-02-19 18:54:39.714031",
  "module": null,
  "name": "Material Request-scan_barcode-hidden",
  "property": "hidden",
  "property_type": "Check",
  "row_name": null,
  "value": "0"
 },
 {
  "default_value": null,
  "doc_type": "Quotation",
  "docstatus": 0,
  "doctype": "Property Setter",
  "doctype_or_field": "DocField",
  "field_name": "scan_barcode",
  "is_system_generated": 1,
  "modified": "2025-02-19 18:54:39.730476",
  "module": null,
  "name": "Quotation-scan_barcode-hidden",
  "property": "hidden",
  "property_type": "Check",
  "row_name": null,
  "value": "0"
 },
 {
  "default_value": null,
  "doc_type": "Stock Reconciliation",
  "docstatus": 0,
  "doctype": "Property Setter",
  "doctype_or_field": "DocField",
  "field_name": "scan_barcode",
  "is_system_generated": 1,
  "modified": "2025-02-19 18:54:39.744784",
  "module": null,
  "name": "Stock Reconciliation-scan_barcode-hidden",
  "property": "hidden",
  "property_type": "Check",
  "row_name": null,
  "value": "0"
 },
 {
  "default_value": null,
  "doc_type": "Pick List",
  "docstatus": 0,
  "doctype": "Property Setter",
  "doctype_or_field": "DocField",
  "field_name": "scan_barcode",
  "is_system_generated": 1,
  "modified": "2025-02-19 18:54:39.759864",
  "module": null,
  "name": "Pick List-scan_barcode-hidden",
  "property": "hidden",
  "property_type": "Check",
  "row_name": null,
  "value": "0"
 },
 {
  "default_value": null,
  "doc_type": "Sales Invoice",
  "docstatus": 0,
  "doctype": "Property Setter",
  "doctype_or_field": "DocField",
  "field_name": "scan_barcode",
  "is_system_generated": 1,
  "modified": "2025-02-19 18:54:39.775907",
  "module": null,
  "name": "Sales Invoice-scan_barcode-hidden",
  "property": "hidden",
  "property_type": "Check",
  "row_name": null,
  "value": "0"
 },
 {
  "default_value": null,
  "doc_type": "Stock Entry",
  "docstatus": 0,
  "doctype": "Property Setter",
  "doctype_or_field": "DocField",
  "field_name": "scan_barcode",
  "is_system_generated": 1,
  "modified": "2025-02-19 18:54:39.789992",
  "module": null,
  "name": "Stock Entry-scan_barcode-hidden",
  "property": "hidden",
  "property_type": "Check",
  "row_name": null,
  "value": "0"
 },
 {
  "default_value": null,
  "doc_type": "Sales Order",
  "docstatus": 0,
  "doctype": "Property Setter",
  "doctype_or_field": "DocField",
  "field_name": "scan_barcode",
  "is_system_generated": 1,
  "modified": "2025-02-19 18:54:39.803136",
  "module": null,
  "name": "Sales Order-scan_barcode-hidden",
  "property": "hidden",
  "property_type": "Check",
  "row_name": null,
  "value": "0"
 },
 {
  "default_value": null,
  "doc_type": "Purchase Order",
  "docstatus": 0,
  "doctype": "Property Setter",
  "doctype_or_field": "DocField",
  "field_name": "scan_barcode",
  "is_system_generated": 1,
  "modified": "2025-02-19 18:54:39.816469",
  "module": null,
  "name": "Purchase Order-scan_barcode-hidden",
  "property": "hidden",
  "property_type": "Check",
  "row_name": null,
  "value": "0"
 },
 {
  "default_value": null,
  "doc_type": "Purchase Receipt",
  "docstatus": 0,
  "doctype": "Property Setter",
  "doctype_or_field": "DocField",
  "field_name": "scan_barcode",
  "is_system_generated": 1,
  "modified": "2025-02-19 18:54:39.830630",
  "module": null,
  "name": "Purchase Receipt-scan_barcode-hidden",
  "property": "hidden",
  "property_type": "Check",
  "row_name": null,
  "value": "0"
 },
 {
  "default_value": null,
  "doc_type": "POS Invoice",
  "docstatus": 0,
  "doctype": "Property Setter",
  "doctype_or_field": "DocField",
  "field_name": "scan_barcode",
  "is_system_generated": 1,
  "modified": "2025-02-19 18:54:39.844645",
  "module": null,
  "name": "POS Invoice-scan_barcode-hidden",
  "property": "hidden",
  "property_type": "Check",
  "row_name": null,
  "value": "0"
 },
 {
  "default_value": null,
  "doc_type": "Purchase Invoice",
  "docstatus": 0,
  "doctype": "Property Setter",
  "doctype_or_field": "DocField",
  "field_name": "scan_barcode",
  "is_system_generated": 1,
  "modified": "2025-02-19 18:54:39.860212",
  "module": null,
  "name": "Purchase Invoice-scan_barcode-hidden",
  "property": "hidden",
  "property_type": "Check",
  "row_name": null,
  "value": "0"
 },
 {
  "default_value": null,
  "doc_type": "Delivery Note",
  "docstatus": 0,
  "doctype": "Property Setter",
  "doctype_or_field": "DocField",
  "field_name": "scan_barcode",
  "is_system_generated": 1,
  "modified": "2025-02-19 18:54:39.873997",
  "module": null,
  "name": "Delivery Note-scan_barcode-hidden",
  "property": "hidden",
  "property_type": "Check",
  "row_name": null,
  "value": "0"
 },
 {
  "default_value": null,
  "doc_type": "Sales Invoice Item",
  "docstatus": 0,
  "doctype": "Property Setter",
  "doctype_or_field": "DocField",
  "field_name": "target_warehouse",
  "is_system_generated": 0,
  "modified": "2025-02-19 18:54:39.905378",
  "module": null,
  "name": "Sales Invoice Item-target_warehouse-hidden",
  "property": "hidden",
  "property_type": "Check",
  "row_name": null,
  "value": "1"
 },
 {
  "default_value": null,
  "doc_type": "Delivery Note Item",
  "docstatus": 0,
  "doctype": "Property Setter",
  "doctype_or_field": "DocField",
  "field_name": "target_warehouse",
  "is_system_generated": 0,
  "modified": "2025-02-19 18:54:39.921071",
  "module": null,
  "name": "Delivery Note Item-target_warehouse-hidden",
  "property": "hidden",
  "property_type": "Check",
  "row_name": null,
  "value": "1"
 },
 {
  "default_value": null,
  "doc_type": "Purchase Invoice Item",
  "docstatus": 0,
  "doctype": "Property Setter",
  "doctype_or_field": "DocField",
  "field_name": "from_warehouse",
  "is_system_generated": 0,
  "modified": "2025-02-19 18:54:39.935276",
  "module": null,
  "name": "Purchase Invoice Item-from_warehouse-hidden",
  "property": "hidden",
  "property_type": "Check",
  "row_name": null,
  "value": "1"
 },
 {
  "default_value": null,
  "doc_type": "Purchase Receipt Item",
  "docstatus": 0,
  "doctype": "Property Setter",
  "doctype_or_field": "DocField",
  "field_name": "from_warehouse",
  "is_system_generated": 0,
  "modified": "2025-02-19 18:54:39.950375",
  "module": null,
  "name": "Purchase Receipt Item-from_warehouse-hidden",
  "property": "hidden",
  "property_type": "Check",
  "row_name": null,
  "value": "1"
 },
 {
  "default_value": null,
  "doc_type": "Salary Slip",
  "docstatus": 0,
  "doctype": "Property Setter",
  "doctype_or_field": "DocField",
  "field_name": "rounded_total",
  "is_system_generated": 0,
  "modified": "2025-02-20 10:00:12.975762",
  "module": null,
  "name": "Salary Slip-rounded_total-hidden",
  "property": "hidden",
  "property_type": "Check",
  "row_name": null,
  "value": "0"
 },
 {
  "default_value": null,
  "doc_type": "Salary Slip",
  "docstatus": 0,
  "doctype": "Property Setter",
  "doctype_or_field": "DocField",
  "field_name": "rounded_total",
  "is_system_generated": 0,
  "modified": "2025-02-20 10:00:12.981900",
  "module": null,
  "name": "Salary Slip-rounded_total-print_hide",
  "property": "print_hide",
  "property_type": "Check",
  "row_name": null,
  "value": "0"
 },
 {
  "default_value": null,
  "doc_type": "Employee",
  "docstatus": 0,
  "doctype": "Property Setter",
  "doctype_or_field": "DocField",
  "field_name": "naming_series",
  "is_system_generated": 0,
  "modified": "2025-02-20 10:06:36.338672",
  "module": null,
  "name": "Employee-naming_series-hidden",
  "property": "hidden",
  "property_type": "Check",
  "row_name": null,
  "value": "0"
 },
 {
  "default_value": null,
  "doc_type": "Employee",
  "docstatus": 0,
  "doctype": "Property Setter",
  "doctype_or_field": "DocField",
  "field_name": "naming_series",
  "is_system_generated": 0,
  "modified": "2025-02-20 10:06:36.369960",
  "module": null,
  "name": "Employee-naming_series-reqd",
  "property": "reqd",
  "property_type": "Check",
  "row_name": null,
  "value": "1"
 },
 {
  "default_value": null,
  "doc_type": "Employee",
  "docstatus": 0,
  "doctype": "Property Setter",
  "doctype_or_field": "DocField",
  "field_name": "employee_number",
  "is_system_generated": 0,
  "modified": "2025-02-20 10:06:36.418846",
  "module": null,
  "name": "Employee-employee_number-reqd",
  "property": "reqd",
  "property_type": "Check",
  "row_name": null,
  "value": "0"
 },
 {
  "default_value": null,
  "doc_type": "Employee",
  "docstatus": 0,
  "doctype": "Property Setter",
  "doctype_or_field": "DocField",
  "field_name": "employee_number",
  "is_system_generated": 0,
  "modified": "2025-02-20 10:06:36.425643",
  "module": null,
  "name": "Employee-employee_number-hidden",
  "property": "hidden",
  "property_type": "Check",
  "row_name": null,
  "value": "1"
 },
 {
  "default_value": null,
  "doc_type": "TaskDetails2",
  "docstatus": 0,
  "doctype": "Property Setter",
  "doctype_or_field": "DocField",
  "field_name": "task_status",
  "is_system_generated": 1,
  "modified": "2025-02-27 15:14:31.351309",
  "module": null,
  "name": "TaskDetails-task_status-in_list_view",
  "property": "in_list_view",
  "property_type": "Check",
  "row_name": null,
  "value": "1"
 },
 {
  "default_value": null,
  "doc_type": "ProjectDetails2",
  "docstatus": 0,
  "doctype": "Property Setter",
  "doctype_or_field": "DocField",
  "field_name": "project_name",
  "is_system_generated": 1,
  "modified": "2025-03-05 09:46:28.423301",
  "module": null,
  "name": "ProjectDetails-project_name-in_list_view",
  "property": "in_list_view",
  "property_type": "Check",
  "row_name": null,
  "value": "1"
 },
 {
  "default_value": null,
  "doc_type": "ProjectDetails2",
  "docstatus": 0,
  "doctype": "Property Setter",
  "doctype_or_field": "DocField",
  "field_name": "project_description",
  "is_system_generated": 1,
  "modified": "2025-03-05 09:46:28.358153",
  "module": null,
  "name": "ProjectDetails-project_description-in_list_view",
  "property": "in_list_view",
  "property_type": "Check",
  "row_name": null,
  "value": "0"
 },
 {
  "default_value": null,
  "doc_type": "ProjectDetails2",
  "docstatus": 0,
  "doctype": "Property Setter",
  "doctype_or_field": "DocField",
  "field_name": "start_date",
  "is_system_generated": 1,
  "modified": "2025-02-28 14:34:10.540188",
  "module": null,
  "name": "ProjectDetails-start_date-in_list_view",
  "property": "in_list_view",
  "property_type": "Check",
  "row_name": null,
  "value": "0"
 },
 {
  "default_value": null,
  "doc_type": "ProjectDetails2",
  "docstatus": 0,
  "doctype": "Property Setter",
  "doctype_or_field": "DocField",
  "field_name": "end_date",
  "is_system_generated": 1,
  "modified": "2025-03-05 09:46:28.403850",
  "module": null,
  "name": "ProjectDetails-end_date-in_list_view",
  "property": "in_list_view",
  "property_type": "Check",
  "row_name": null,
  "value": "1"
 },
 {
  "default_value": null,
  "doc_type": "ProjectDetails2",
  "docstatus": 0,
  "doctype": "Property Setter",
  "doctype_or_field": "DocField",
  "field_name": "assigned_department",
  "is_system_generated": 1,
  "modified": "2025-03-05 09:46:28.384961",
  "module": null,
  "name": "ProjectDetails-assigned_department-in_list_view",
  "property": "in_list_view",
  "property_type": "Check",
  "row_name": null,
  "value": "1"
 },
 {
  "default_value": null,
  "doc_type": "TaskProject",
  "docstatus": 0,
  "doctype": "Property Setter",
  "doctype_or_field": "DocField",
  "field_name": "project_name",
  "is_system_generated": 1,
  "modified": "2025-03-05 09:48:00.562474",
  "module": null,
  "name": "TaskProject-project_name-in_list_view",
  "property": "in_list_view",
  "property_type": "Check",
  "row_name": null,
  "value": "0"
 },
 {
  "default_value": null,
  "doc_type": "TaskProject",
  "docstatus": 0,
  "doctype": "Property Setter",
  "doctype_or_field": "DocField",
  "field_name": "project_description",
  "is_system_generated": 1,
  "modified": "2025-03-05 09:48:00.578375",
  "module": null,
  "name": "TaskProject-project_description-in_list_view",
  "property": "in_list_view",
  "property_type": "Check",
  "row_name": null,
  "value": "1"
 },
 {
  "default_value": null,
  "doc_type": "TaskProject",
  "docstatus": 0,
  "doctype": "Property Setter",
  "doctype_or_field": "DocField",
  "field_name": "start_date",
  "is_system_generated": 1,
  "modified": "2025-03-05 09:48:00.585313",
  "module": null,
  "name": "TaskProject-start_date-in_list_view",
  "property": "in_list_view",
  "property_type": "Check",
  "row_name": null,
  "value": "1"
 },
 {
  "default_value": null,
  "doc_type": "TaskProject",
  "docstatus": 0,
  "doctype": "Property Setter",
  "doctype_or_field": "DocField",
  "field_name": "end_date",
  "is_system_generated": 1,
  "modified": "2025-03-05 09:48:00.591782",
  "module": null,
  "name": "TaskProject-end_date-in_list_view",
  "property": "in_list_view",
  "property_type": "Check",
  "row_name": null,
  "value": "1"
 },
 {
  "default_value": null,
  "doc_type": "TaskEmployee",
  "docstatus": 0,
  "doctype": "Property Setter",
  "doctype_or_field": "DocField",
  "field_name": "full_name",
  "is_system_generated": 1,
  "modified": "2025-03-05 11:48:03.934785",
  "module": null,
  "name": "TaskEmployee-full_name-in_list_view",
  "property": "in_list_view",
  "property_type": "Check",
  "row_name": null,
  "value": "0"
 },
 {
  "default_value": null,
  "doc_type": "TaskEmployee",
  "docstatus": 0,
  "doctype": "Property Setter",
  "doctype_or_field": "DocField",
  "field_name": "assigned_project",
  "is_system_generated": 1,
  "modified": "2025-03-05 11:46:14.096689",
  "module": null,
  "name": "TaskEmployee-assigned_project-in_list_view",
  "property": "in_list_view",
  "property_type": "Check",
  "row_name": null,
  "value": "0"
 },
 {
  "default_value": null,
  "doc_type": "TaskEmployee",
  "docstatus": 0,
  "doctype": "Property Setter",
  "doctype_or_field": "DocField",
  "field_name": "department_name",
  "is_system_generated": 1,
  "modified": "2025-03-05 11:49:06.141282",
  "module": null,
  "name": "TaskEmployee-department_name-in_list_view",
  "property": "in_list_view",
  "property_type": "Check",
  "row_name": null,
  "value": "1"
 },
 {
  "default_value": null,
  "doc_type": "TaskEmployee",
  "docstatus": 0,
  "doctype": "Property Setter",
  "doctype_or_field": "DocField",
  "field_name": "department_post",
  "is_system_generated": 1,
  "modified": "2025-03-05 11:49:06.159238",
  "module": null,
  "name": "TaskEmployee-department_post-in_list_view",
  "property": "in_list_view",
  "property_type": "Check",
  "row_name": null,
  "value": "1"
 },
 {
  "default_value": null,
  "doc_type": "TaskEmployee",
  "docstatus": 0,
  "doctype": "Property Setter",
  "doctype_or_field": "DocField",
  "field_name": "email",
  "is_system_generated": 1,
  "modified": "2025-03-05 11:49:06.120491",
  "module": null,
  "name": "TaskEmployee-email-in_list_view",
  "property": "in_list_view",
  "property_type": "Check",
  "row_name": null,
  "value": "1"
 }
]