[
 {
  "desk_access": 1,
  "disabled": 0,
  "docstatus": 0,
  "doctype": "Role",
  "home_page": null,
  "is_custom": 0,
  "modified": "2025-02-19 18:41:30.878656",
  "name": "System Manager",
  "restrict_to_domain": null,
  "role_name": "System Manager",
  "two_factor_auth": 0
 },
 {
  "desk_access": 1,
  "disabled": 0,
  "docstatus": 0,
  "doctype": "Role",
  "home_page": null,
  "is_custom": 0,
  "modified": "2025-02-19 18:41:30.886873",
  "name": "Administrator",
  "restrict_to_domain": null,
  "role_name": "Administrator",
  "two_factor_auth": 0
 },
 {
  "desk_access": 0,
  "disabled": 0,
  "docstatus": 0,
  "doctype": "Role",
  "home_page": null,
  "is_custom": 0,
  "modified": "2025-02-19 18:41:30.893905",
  "name": "Guest",
  "restrict_to_domain": null,
  "role_name": "Guest",
  "two_factor_auth": 0
 },
 {
  "desk_access": 1,
  "disabled": 0,
  "docstatus": 0,
  "doctype": "Role",
  "home_page": null,
  "is_custom": 0,
  "modified": "2025-02-19 18:41:30.900582",
  "name": "All",
  "restrict_to_domain": null,
  "role_name": "All",
  "two_factor_auth": 0
 },
 {
  "desk_access": 1,
  "disabled": 0,
  "docstatus": 0,
  "doctype": "Role",
  "home_page": null,
  "is_custom": 0,
  "modified": "2025-02-19 18:41:30.906976",
  "name": "Desk User",
  "restrict_to_domain": null,
  "role_name": "Desk User",
  "two_factor_auth": 0
 },
 {
  "desk_access": 1,
  "disabled": 0,
  "docstatus": 0,
  "doctype": "Role",
  "home_page": null,
  "is_custom": 0,
  "modified": "2025-02-19 18:41:31.255067",
  "name": "Website Manager",
  "restrict_to_domain": null,
  "role_name": "Website Manager",
  "two_factor_auth": 0
 },
 {
  "desk_access": 1,
  "disabled": 0,
  "docstatus": 0,
  "doctype": "Role",
  "home_page": null,
  "is_custom": 0,
  "modified": "2025-02-19 18:41:31.521734",
  "name": "Dashboard Manager",
  "restrict_to_domain": null,
  "role_name": "Dashboard Manager",
  "two_factor_auth": 0
 },
 {
  "desk_access": 1,
  "disabled": 0,
  "docstatus": 0,
  "doctype": "Role",
  "home_page": null,
  "is_custom": 0,
  "modified": "2025-02-19 18:41:32.363219",
  "name": "Workspace Manager",
  "restrict_to_domain": null,
  "role_name": "Workspace Manager",
  "two_factor_auth": 0
 },
 {
  "desk_access": 1,
  "disabled": 0,
  "docstatus": 0,
  "doctype": "Role",
  "home_page": null,
  "is_custom": 0,
  "modified": "2025-02-19 18:41:32.522474",
  "name": "Report Manager",
  "restrict_to_domain": null,
  "role_name": "Report Manager",
  "two_factor_auth": 0
 },
 {
  "desk_access": 1,
  "disabled": 0,
  "docstatus": 0,
  "doctype": "Role",
  "home_page": null,
  "is_custom": 0,
  "modified": "2025-02-19 18:41:33.139219",
  "name": "Script Manager",
  "restrict_to_domain": null,
  "role_name": "Script Manager",
  "two_factor_auth": 0
 },
 {
  "desk_access": 1,
  "disabled": 0,
  "docstatus": 0,
  "doctype": "Role",
  "home_page": null,
  "is_custom": 0,
  "modified": "2025-02-19 18:41:35.847880",
  "name": "Prepared Report User",
  "restrict_to_domain": null,
  "role_name": "Prepared Report User",
  "two_factor_auth": 0
 },
 {
  "desk_access": 1,
  "disabled": 0,
  "docstatus": 0,
  "doctype": "Role",
  "home_page": null,
  "is_custom": 0,
  "modified": "2025-02-19 18:41:37.541585",
  "name": "Inbox User",
  "restrict_to_domain": null,
  "role_name": "Inbox User",
  "two_factor_auth": 0
 },
 {
  "desk_access": 1,
  "disabled": 0,
  "docstatus": 0,
  "doctype": "Role",
  "home_page": null,
  "is_custom": 0,
  "modified": "2025-02-19 18:41:39.367359",
  "name": "Blogger",
  "restrict_to_domain": null,
  "role_name": "Blogger",
  "two_factor_auth": 0
 },
 {
  "desk_access": 1,
  "disabled": 0,
  "docstatus": 0,
  "doctype": "Role",
  "home_page": null,
  "is_custom": 0,
  "modified": "2025-02-19 18:41:40.261199",
  "name": "Newsletter Manager",
  "restrict_to_domain": null,
  "role_name": "Newsletter Manager",
  "two_factor_auth": 0
 },
 {
  "desk_access": 1,
  "disabled": 0,
  "docstatus": 0,
  "doctype": "Role",
  "home_page": null,
  "is_custom": 0,
  "modified": "2025-02-19 18:41:40.464202",
  "name": "Knowledge Base Editor",
  "restrict_to_domain": null,
  "role_name": "Knowledge Base Editor",
  "two_factor_auth": 0
 },
 {
  "desk_access": 1,
  "disabled": 0,
  "docstatus": 0,
  "doctype": "Role",
  "home_page": null,
  "is_custom": 0,
  "modified": "2025-02-19 18:41:40.470439",
  "name": "Knowledge Base Contributor",
  "restrict_to_domain": null,
  "role_name": "Knowledge Base Contributor",
  "two_factor_auth": 0
 },
 {
  "desk_access": 1,
  "disabled": 0,
  "docstatus": 0,
  "doctype": "Role",
  "home_page": null,
  "is_custom": 0,
  "modified": "2025-02-19 18:41:45.363544",
  "name": "Purchase User",
  "restrict_to_domain": null,
  "role_name": "Purchase User",
  "two_factor_auth": 0
 },
 {
  "desk_access": 1,
  "disabled": 0,
  "docstatus": 0,
  "doctype": "Role",
  "home_page": null,
  "is_custom": 0,
  "modified": "2025-02-19 18:41:45.376178",
  "name": "Accounts User",
  "restrict_to_domain": null,
  "role_name": "Accounts User",
  "two_factor_auth": 0
 },
 {
  "desk_access": 1,
  "disabled": 0,
  "docstatus": 0,
  "doctype": "Role",
  "home_page": null,
  "is_custom": 0,
  "modified": "2025-02-19 18:41:45.380835",
  "name": "Sales User",
  "restrict_to_domain": null,
  "role_name": "Sales User",
  "two_factor_auth": 0
 },
 {
  "desk_access": 1,
  "disabled": 0,
  "docstatus": 0,
  "doctype": "Role",
  "home_page": null,
  "is_custom": 0,
  "modified": "2025-02-19 18:41:45.387587",
  "name": "Accounts Manager",
  "restrict_to_domain": null,
  "role_name": "Accounts Manager",
  "two_factor_auth": 0
 },
 {
  "desk_access": 1,
  "disabled": 0,
  "docstatus": 0,
  "doctype": "Role",
  "home_page": null,
  "is_custom": 0,
  "modified": "2025-02-19 18:41:51.558588",
  "name": "Maintenance User",
  "restrict_to_domain": null,
  "role_name": "Maintenance User",
  "two_factor_auth": 0
 },
 {
  "desk_access": 1,
  "disabled": 0,
  "docstatus": 0,
  "doctype": "Role",
  "home_page": null,
  "is_custom": 0,
  "modified": "2025-02-19 18:41:51.651555",
  "name": "Sales Master Manager",
  "restrict_to_domain": null,
  "role_name": "Sales Master Manager",
  "two_factor_auth": 0
 },
 {
  "desk_access": 1,
  "disabled": 0,
  "docstatus": 0,
  "doctype": "Role",
  "home_page": null,
  "is_custom": 0,
  "modified": "2025-02-19 18:41:51.656240",
  "name": "Maintenance Manager",
  "restrict_to_domain": null,
  "role_name": "Maintenance Manager",
  "two_factor_auth": 0
 },
 {
  "desk_access": 1,
  "disabled": 0,
  "docstatus": 0,
  "doctype": "Role",
  "home_page": null,
  "is_custom": 0,
  "modified": "2025-02-19 18:41:51.664085",
  "name": "Sales Manager",
  "restrict_to_domain": null,
  "role_name": "Sales Manager",
  "two_factor_auth": 0
 },
 {
  "desk_access": 1,
  "disabled": 0,
  "docstatus": 0,
  "doctype": "Role",
  "home_page": null,
  "is_custom": 0,
  "modified": "2025-02-19 18:41:51.677343",
  "name": "Purchase Master Manager",
  "restrict_to_domain": null,
  "role_name": "Purchase Master Manager",
  "two_factor_auth": 0
 },
 {
  "desk_access": 1,
  "disabled": 0,
  "docstatus": 0,
  "doctype": "Role",
  "home_page": null,
  "is_custom": 0,
  "modified": "2025-02-19 18:41:51.688029",
  "name": "Purchase Manager",
  "restrict_to_domain": null,
  "role_name": "Purchase Manager",
  "two_factor_auth": 0
 },
 {
  "desk_access": 1,
  "disabled": 0,
  "docstatus": 0,
  "doctype": "Role",
  "home_page": null,
  "is_custom": 0,
  "modified": "2025-02-19 18:41:55.346101",
  "name": "Translator",
  "restrict_to_domain": null,
  "role_name": "Translator",
  "two_factor_auth": 0
 },
 {
  "desk_access": 1,
  "disabled": 0,
  "docstatus": 0,
  "doctype": "Role",
  "home_page": null,
  "is_custom": 0,
  "modified": "2025-02-19 18:44:03.000950",
  "name": "Auditor",
  "restrict_to_domain": null,
  "role_name": "Auditor",
  "two_factor_auth": 0
 },
 {
  "desk_access": 1,
  "disabled": 0,
  "docstatus": 0,
  "doctype": "Role",
  "home_page": null,
  "is_custom": 0,
  "modified": "2025-02-19 18:44:04.341374",
  "name": "Employee",
  "restrict_to_domain": null,
  "role_name": "Employee",
  "two_factor_auth": 0
 },
 {
  "desk_access": 1,
  "disabled": 0,
  "docstatus": 0,
  "doctype": "Role",
  "home_page": null,
  "is_custom": 0,
  "modified": "2025-02-19 18:44:05.666456",
  "name": "Stock Manager",
  "restrict_to_domain": null,
  "role_name": "Stock Manager",
  "two_factor_auth": 0
 },
 {
  "desk_access": 1,
  "disabled": 0,
  "docstatus": 0,
  "doctype": "Role",
  "home_page": null,
  "is_custom": 0,
  "modified": "2025-02-19 18:44:05.697301",
  "name": "Stock User",
  "restrict_to_domain": null,
  "role_name": "Stock User",
  "two_factor_auth": 0
 },
 {
  "desk_access": 1,
  "disabled": 0,
  "docstatus": 0,
  "doctype": "Role",
  "home_page": null,
  "is_custom": 0,
  "modified": "2025-02-19 18:44:22.705705",
  "name": "HR Manager",
  "restrict_to_domain": null,
  "role_name": "HR Manager",
  "two_factor_auth": 0
 },
 {
  "desk_access": 1,
  "disabled": 0,
  "docstatus": 0,
  "doctype": "Role",
  "home_page": null,
  "is_custom": 0,
  "modified": "2025-02-19 18:44:25.294247",
  "name": "Manufacturing Manager",
  "restrict_to_domain": null,
  "role_name": "Manufacturing Manager",
  "two_factor_auth": 0
 },
 {
  "desk_access": 1,
  "disabled": 0,
  "docstatus": 0,
  "doctype": "Role",
  "home_page": null,
  "is_custom": 0,
  "modified": "2025-02-19 18:44:26.701019",
  "name": "Manufacturing User",
  "restrict_to_domain": null,
  "role_name": "Manufacturing User",
  "two_factor_auth": 0
 },
 {
  "desk_access": 1,
  "disabled": 0,
  "docstatus": 0,
  "doctype": "Role",
  "home_page": null,
  "is_custom": 0,
  "modified": "2025-02-19 18:44:26.717328",
  "name": "Projects User",
  "restrict_to_domain": null,
  "role_name": "Projects User",
  "two_factor_auth": 0
 },
 {
  "desk_access": 1,
  "disabled": 0,
  "docstatus": 0,
  "doctype": "Role",
  "home_page": null,
  "is_custom": 0,
  "modified": "2025-02-19 18:44:26.732569",
  "name": "HR User",
  "restrict_to_domain": null,
  "role_name": "HR User",
  "two_factor_auth": 0
 },
 {
  "desk_access": 1,
  "disabled": 0,
  "docstatus": 0,
  "doctype": "Role",
  "home_page": null,
  "is_custom": 0,
  "modified": "2025-02-19 18:44:26.820428",
  "name": "Projects Manager",
  "restrict_to_domain": null,
  "role_name": "Projects Manager",
  "two_factor_auth": 0
 },
 {
  "desk_access": 0,
  "disabled": 0,
  "docstatus": 0,
  "doctype": "Role",
  "home_page": null,
  "is_custom": 0,
  "modified": "2025-02-19 18:45:01.071953",
  "name": "Customer",
  "restrict_to_domain": null,
  "role_name": "Customer",
  "two_factor_auth": 0
 },
 {
  "desk_access": 1,
  "disabled": 0,
  "docstatus": 0,
  "doctype": "Role",
  "home_page": null,
  "is_custom": 0,
  "modified": "2025-02-19 18:44:31.342977",
  "name": "Delivery User",
  "restrict_to_domain": null,
  "role_name": "Delivery User",
  "two_factor_auth": 0
 },
 {
  "desk_access": 1,
  "disabled": 0,
  "docstatus": 0,
  "doctype": "Role",
  "home_page": null,
  "is_custom": 0,
  "modified": "2025-02-19 18:44:31.364427",
  "name": "Delivery Manager",
  "restrict_to_domain": null,
  "role_name": "Delivery Manager",
  "two_factor_auth": 0
 },
 {
  "desk_access": 1,
  "disabled": 0,
  "docstatus": 0,
  "doctype": "Role",
  "home_page": null,
  "is_custom": 0,
  "modified": "2025-02-19 18:44:31.375629",
  "name": "Fleet Manager",
  "restrict_to_domain": null,
  "role_name": "Fleet Manager",
  "two_factor_auth": 0
 },
 {
  "desk_access": 1,
  "disabled": 0,
  "docstatus": 0,
  "doctype": "Role",
  "home_page": null,
  "is_custom": 0,
  "modified": "2025-02-19 18:44:32.443175",
  "name": "Item Manager",
  "restrict_to_domain": null,
  "role_name": "Item Manager",
  "two_factor_auth": 0
 },
 {
  "desk_access": 1,
  "disabled": 0,
  "docstatus": 0,
  "doctype": "Role",
  "home_page": null,
  "is_custom": 0,
  "modified": "2025-02-19 18:44:33.708198",
  "name": "Academics User",
  "restrict_to_domain": null,
  "role_name": "Academics User",
  "two_factor_auth": 0
 },
 {
  "desk_access": 1,
  "disabled": 0,
  "docstatus": 0,
  "doctype": "Role",
  "home_page": null,
  "is_custom": 0,
  "modified": "2025-02-19 18:44:40.968352",
  "name": "Quality Manager",
  "restrict_to_domain": null,
  "role_name": "Quality Manager",
  "two_factor_auth": 0
 },
 {
  "desk_access": 1,
  "disabled": 0,
  "docstatus": 0,
  "doctype": "Role",
  "home_page": null,
  "is_custom": 0,
  "modified": "2025-02-19 18:44:42.761989",
  "name": "Fulfillment User",
  "restrict_to_domain": null,
  "role_name": "Fulfillment User",
  "two_factor_auth": 0
 },
 {
  "desk_access": 1,
  "disabled": 0,
  "docstatus": 0,
  "doctype": "Role",
  "home_page": null,
  "is_custom": 0,
  "modified": "2025-02-19 18:44:47.620108",
  "name": "Support Team",
  "restrict_to_domain": null,
  "role_name": "Support Team",
  "two_factor_auth": 0
 },
 {
  "desk_access": 1,
  "disabled": 0,
  "docstatus": 0,
  "doctype": "Role",
  "home_page": null,
  "is_custom": 0,
  "modified": "2025-02-19 18:44:49.902840",
  "name": "Agriculture Manager",
  "restrict_to_domain": null,
  "role_name": "Agriculture Manager",
  "two_factor_auth": 0
 },
 {
  "desk_access": 1,
  "disabled": 0,
  "docstatus": 0,
  "doctype": "Role",
  "home_page": null,
  "is_custom": 0,
  "modified": "2025-02-19 18:44:49.926188",
  "name": "Agriculture User",
  "restrict_to_domain": null,
  "role_name": "Agriculture User",
  "two_factor_auth": 0
 },
 {
  "desk_access": 0,
  "disabled": 0,
  "docstatus": 0,
  "doctype": "Role",
  "home_page": null,
  "is_custom": 0,
  "modified": "2025-02-19 18:45:01.072538",
  "name": "Supplier",
  "restrict_to_domain": null,
  "role_name": "Supplier",
  "two_factor_auth": 0
 },
 {
  "desk_access": 1,
  "disabled": 0,
  "docstatus": 0,
  "doctype": "Role",
  "home_page": null,
  "is_custom": 0,
  "modified": "2025-02-19 18:44:59.576233",
  "name": "Analytics",
  "restrict_to_domain": null,
  "role_name": "Analytics",
  "two_factor_auth": 0
 },
 {
  "desk_access": 1,
  "disabled": 0,
  "docstatus": 0,
  "doctype": "Role",
  "home_page": null,
  "is_custom": 0,
  "modified": "2025-02-20 09:59:54.790035",
  "name": "Expense Approver",
  "restrict_to_domain": null,
  "role_name": "Expense Approver",
  "two_factor_auth": 0
 },
 {
  "desk_access": 1,
  "disabled": 0,
  "docstatus": 0,
  "doctype": "Role",
  "home_page": null,
  "is_custom": 0,
  "modified": "2025-02-20 09:59:57.274207",
  "name": "Leave Approver",
  "restrict_to_domain": null,
  "role_name": "Leave Approver",
  "two_factor_auth": 0
 },
 {
  "desk_access": 1,
  "disabled": 0,
  "docstatus": 0,
  "doctype": "Role",
  "home_page": null,
  "is_custom": 0,
  "modified": "2025-02-20 10:00:00.574970",
  "name": "Interviewer",
  "restrict_to_domain": null,
  "role_name": "Interviewer",
  "two_factor_auth": 0
 },
 {
  "desk_access": 1,
  "disabled": 0,
  "docstatus": 0,
  "doctype": "Role",
  "home_page": null,
  "is_custom": 1,
  "modified": "2025-02-20 10:06:16.652596",
  "name": "Employee Self Service",
  "restrict_to_domain": null,
  "role_name": "Employee Self Service",
  "two_factor_auth": 0
 },
 {
  "desk_access": 1,
  "disabled": 0,
  "docstatus": 0,
  "doctype": "Role",
  "home_page": null,
  "is_custom": 0,
  "modified": "2025-02-20 13:02:39.727578",
  "name": "Librarian",
  "restrict_to_domain": null,
  "role_name": "Librarian",
  "two_factor_auth": 0
 },
 {
  "desk_access": 1,
  "disabled": 0,
  "docstatus": 0,
  "doctype": "Role",
  "home_page": null,
  "is_custom": 0,
  "modified": "2025-02-20 13:03:07.873522",
  "name": "Library",
  "restrict_to_domain": null,
  "role_name": "Library",
  "two_factor_auth": 0
 },
 {
  "desk_access": 1,
  "disabled": 0,
  "docstatus": 0,
  "doctype": "Role",
  "home_page": null,
  "is_custom": 0,
  "modified": "2025-02-25 16:50:10.092402",
  "name": "Task-Boss",
  "restrict_to_domain": null,
  "role_name": "Task-Boss",
  "two_factor_auth": 0
 },
 {
  "desk_access": 1,
  "disabled": 0,
  "docstatus": 0,
  "doctype": "Role",
  "home_page": null,
  "is_custom": 0,
  "modified": "2025-02-25 16:50:39.170384",
  "name": "Task-Employee",
  "restrict_to_domain": null,
  "role_name": "Task-Employee",
  "two_factor_auth": 0
 },
 {
  "desk_access": 1,
  "disabled": 0,
  "docstatus": 0,
  "doctype": "Role",
  "home_page": null,
  "is_custom": 0,
  "modified": "2025-02-28 09:19:34.879169",
  "name": "Task-Lead",
  "restrict_to_domain": null,
  "role_name": "Task-Lead",
  "two_factor_auth": 0
 }
]