[
 {
  "allow": "TaskEmployee",
  "applicable_for": null,
  "apply_to_all_doctypes": 1,
  "docstatus": 0,
  "doctype": "User Permission",
  "for_value": "Bob Smith",
  "hide_descendants": 0,
  "is_default": 0,
  "modified": "2025-03-05 11:56:22.159289",
  "name": "slp6ad4qlq",
  "user": "bob@gmail.com"
 },
 {
  "allow": "TaskProject",
  "applicable_for": null,
  "apply_to_all_doctypes": 1,
  "docstatus": 0,
  "doctype": "User Permission",
  "for_value": "Project B",
  "hide_descendants": 0,
  "is_default": 0,
  "modified": "2025-03-05 11:55:49.890635",
  "name": "moikaf295s",
  "user": "bob@gmail.com"
 },
 {
  "allow": "TaskDepartment",
  "applicable_for": null,
  "apply_to_all_doctypes": 1,
  "docstatus": 0,
  "doctype": "User Permission",
  "for_value": "Networking",
  "hide_descendants": 0,
  "is_default": 0,
  "modified": "2025-03-05 12:01:55.154850",
  "name": "0nklindetc",
  "user": "ashik@gmail.com"
 },
 {
  "allow": "TaskEmployee",
  "applicable_for": null,
  "apply_to_all_doctypes": 1,
  "docstatus": 0,
  "doctype": "User Permission",
  "for_value": "Nikhesh",
  "hide_descendants": 0,
  "is_default": 0,
  "modified": "2025-03-05 11:54:59.999698",
  "name": "vj8j2rhkcj",
  "user": "nikhesh@gmail.com"
 },
 {
  "allow": "TaskProject",
  "applicable_for": null,
  "apply_to_all_doctypes": 1,
  "docstatus": 0,
  "doctype": "User Permission",
  "for_value": "Project Cloud",
  "hide_descendants": 0,
  "is_default": 0,
  "modified": "2025-03-05 11:54:32.299307",
  "name": "6d93qdrdn9",
  "user": "nikhesh@gmail.com"
 },
 {
  "allow": "TaskEmployee",
  "applicable_for": null,
  "apply_to_all_doctypes": 1,
  "docstatus": 0,
  "doctype": "User Permission",
  "for_value": "Arjun",
  "hide_descendants": 0,
  "is_default": 0,
  "modified": "2025-03-05 12:00:41.114380",
  "name": "mq8omdaq7i",
  "user": "arjunkrishna@gmail.com"
 },
 {
  "allow": "TaskProject",
  "applicable_for": null,
  "apply_to_all_doctypes": 1,
  "docstatus": 0,
  "doctype": "User Permission",
  "for_value": "Project A",
  "hide_descendants": 0,
  "is_default": 0,
  "modified": "2025-03-05 12:01:21.947263",
  "name": "bqvamh7pi3",
  "user": "arjunkrishna@gmail.com"
 },
 {
  "allow": "TaskDepartment",
  "applicable_for": null,
  "apply_to_all_doctypes": 1,
  "docstatus": 0,
  "doctype": "User Permission",
  "for_value": "Python",
  "hide_descendants": 0,
  "is_default": 0,
  "modified": "2025-03-06 12:35:40.242529",
  "name": "dc5k2no1k6",
  "user": "mac@gmail.com"
 }
]