[
 {
  "breadcrumbs": null,
  "content_type": "HTML",
  "context_script": null,
  "css": null,
  "docstatus": 0,
  "doctype": "Web Page",
  "dynamic_route": 0,
  "dynamic_template": 0,
  "enable_comments": 0,
  "end_date": null,
  "full_width": 1,
  "header": null,
  "insert_style": 0,
  "javascript": null,
  "main_section": null,
  "main_section_html": "<!DOCTYPE html>\n<html lang=\"en\">\n<head>\n    <meta charset=\"UTF-8\">\n    <meta name=\"viewport\" content=\"width=device-width, initial-scale=1.0\">\n    <title>Task List</title>\n    <script src=\"/assets/frappe/js/lib/jquery/jquery.min.js\"></script>\n</head>\n<body>\n    <h1>To-Do Task List</h1>\n    <ul id=\"task-list\">\n        <!-- Tasks will be loaded here -->\n    </ul>\n\n    <script>\n        // Fetch tasks from the backend\n        $.ajax({\n            url: \"/api/method/todo_app.api.get_todos\",\n            type: \"GET\",\n            success: function(response) {\n                let tasks = response.message;\n                let taskList = $(\"#task-list\");\n\n                tasks.forEach(task => {\n                    let listItem = $(\"<li>\").text(task.title + \" - \" + task.status);\n                    taskList.append(listItem);\n                });\n            }\n        });\n    </script>\n</body>\n</html>\n",
  "main_section_md": null,
  "meta_description": null,
  "meta_image": null,
  "meta_title": null,
  "modified": "2025-02-24 10:48:01.105528",
  "module": "Todo App",
  "name": "task-list",
  "page_blocks": [],
  "published": 1,
  "route": "task-list",
  "show_sidebar": 0,
  "show_title": 0,
  "slideshow": null,
  "start_date": null,
  "text_align": "Left",
  "title": "Task List",
  "website_sidebar": null
 },
 {
  "breadcrumbs": null,
  "content_type": "Page Builder",
  "context_script": null,
  "css": null,
  "docstatus": 0,
  "doctype": "Web Page",
  "dynamic_route": 0,
  "dynamic_template": 0,
  "enable_comments": 0,
  "end_date": null,
  "full_width": 1,
  "header": null,
  "insert_style": 0,
  "javascript": null,
  "main_section": null,
  "main_section_html": null,
  "main_section_md": null,
  "meta_description": null,
  "meta_image": null,
  "meta_title": null,
  "modified": "2025-03-06 09:10:17.700422",
  "module": "Project Manager",
  "name": "new",
  "page_blocks": [
   {
    "add_background_image": 0,
    "add_border_at_bottom": 0,
    "add_border_at_top": 0,
    "add_bottom_padding": 1,
    "add_container": 1,
    "add_shade": 0,
    "add_top_padding": 1,
    "background_image": null,
    "css_class": null,
    "hide_block": 0,
    "parent": "new",
    "parentfield": "page_blocks",
    "parenttype": "Web Page",
    "section_id": null,
    "web_template": "new",
    "web_template_values": null
   }
  ],
  "published": 1,
  "route": "new",
  "show_sidebar": 0,
  "show_title": 0,
  "slideshow": null,
  "start_date": null,
  "text_align": "Left",
  "title": "new",
  "website_sidebar": null
 }
]