[
 {
  "accept_payment": 0,
  "allow_comments": 1,
  "allow_delete": 1,
  "allow_edit": 1,
  "allow_incomplete": 0,
  "allow_multiple": 1,
  "allow_print": 0,
  "allowed_embedding_domains": null,
  "amount": 0.0,
  "amount_based_on_field": 0,
  "amount_field": null,
  "anonymous": 0,
  "apply_document_permissions": 0,
  "banner_image": null,
  "breadcrumbs": "[{\"title\":\"Tasks\", \"name\":\"tasks\"}]",
  "button_label": null,
  "client_script": null,
  "condition_json": null,
  "currency": null,
  "custom_css": null,
  "doc_type": "Task",
  "docstatus": 0,
  "doctype": "Web Form",
  "introduction_text": "",
  "is_standard": 1,
  "list_columns": [],
  "list_title": null,
  "login_required": 1,
  "max_attachment_size": 0,
  "meta_description": null,
  "meta_image": null,
  "meta_title": null,
  "modified": "2018-07-24 11:32:07.805956",
  "module": "Projects",
  "name": "tasks",
  "payment_button_help": null,
  "payment_button_label": "Buy Now",
  "payment_gateway": null,
  "print_format": null,
  "published": 1,
  "route": "tasks",
  "show_attachments": 0,
  "show_list": 0,
  "show_sidebar": 1,
  "success_message": null,
  "success_title": null,
  "success_url": "",
  "title": "Task",
  "web_form_fields": [
   {
    "allow_read_on_all_link_options": 0,
    "default": null,
    "depends_on": null,
    "description": null,
    "fieldname": "project",
    "fieldtype": "Link",
    "hidden": 0,
    "label": "Project",
    "mandatory_depends_on": null,
    "max_length": 0,
    "max_value": 0,
    "options": "Project",
    "parent": "tasks",
    "parentfield": "web_form_fields",
    "parenttype": "Web Form",
    "precision": null,
    "read_only": 1,
    "read_only_depends_on": null,
    "reqd": 1,
    "show_in_filter": 0
   },
   {
    "allow_read_on_all_link_options": 0,
    "default": null,
    "depends_on": null,
    "description": null,
    "fieldname": "subject",
    "fieldtype": "Data",
    "hidden": 0,
    "label": "Subject",
    "mandatory_depends_on": null,
    "max_length": 0,
    "max_value": 0,
    "options": null,
    "parent": "tasks",
    "parentfield": "web_form_fields",
    "parenttype": "Web Form",
    "precision": null,
    "read_only": 0,
    "read_only_depends_on": null,
    "reqd": 1,
    "show_in_filter": 0
   },
   {
    "allow_read_on_all_link_options": 0,
    "default": null,
    "depends_on": null,
    "description": null,
    "fieldname": "status",
    "fieldtype": "Select",
    "hidden": 0,
    "label": "Status",
    "mandatory_depends_on": null,
    "max_length": 0,
    "max_value": 0,
    "options": "Open\nWorking\nPending Review\nOverdue\nClosed\nCancelled",
    "parent": "tasks",
    "parentfield": "web_form_fields",
    "parenttype": "Web Form",
    "precision": null,
    "read_only": 0,
    "read_only_depends_on": null,
    "reqd": 0,
    "show_in_filter": 0
   },
   {
    "allow_read_on_all_link_options": 0,
    "default": null,
    "depends_on": null,
    "description": null,
    "fieldname": "description",
    "fieldtype": "Text Editor",
    "hidden": 0,
    "label": "Details",
    "mandatory_depends_on": null,
    "max_length": 0,
    "max_value": 0,
    "options": null,
    "parent": "tasks",
    "parentfield": "web_form_fields",
    "parenttype": "Web Form",
    "precision": null,
    "read_only": 0,
    "read_only_depends_on": null,
    "reqd": 0,
    "show_in_filter": 0
   },
   {
    "allow_read_on_all_link_options": 0,
    "default": null,
    "depends_on": null,
    "description": null,
    "fieldname": "priority",
    "fieldtype": "Select",
    "hidden": 0,
    "label": "Priority",
    "mandatory_depends_on": null,
    "max_length": 0,
    "max_value": 0,
    "options": "Low\nMedium\nHigh\nUrgent",
    "parent": "tasks",
    "parentfield": "web_form_fields",
    "parenttype": "Web Form",
    "precision": null,
    "read_only": 0,
    "read_only_depends_on": null,
    "reqd": 0,
    "show_in_filter": 0
   },
   {
    "allow_read_on_all_link_options": 0,
    "default": null,
    "depends_on": null,
    "description": null,
    "fieldname": "exp_start_date",
    "fieldtype": "Date",
    "hidden": 0,
    "label": "Expected Start Date",
    "mandatory_depends_on": null,
    "max_length": 0,
    "max_value": 0,
    "options": null,
    "parent": "tasks",
    "parentfield": "web_form_fields",
    "parenttype": "Web Form",
    "precision": null,
    "read_only": 0,
    "read_only_depends_on": null,
    "reqd": 0,
    "show_in_filter": 0
   },
   {
    "allow_read_on_all_link_options": 0,
    "default": null,
    "depends_on": null,
    "description": null,
    "fieldname": "exp_end_date",
    "fieldtype": "Date",
    "hidden": 0,
    "label": "Expected End Date",
    "mandatory_depends_on": null,
    "max_length": 0,
    "max_value": 0,
    "options": null,
    "parent": "tasks",
    "parentfield": "web_form_fields",
    "parenttype": "Web Form",
    "precision": null,
    "read_only": 0,
    "read_only_depends_on": null,
    "reqd": 0,
    "show_in_filter": 0
   }
  ],
  "website_sidebar": null
 },
 {
  "accept_payment": 0,
  "allow_comments": 1,
  "allow_delete": 1,
  "allow_edit": 1,
  "allow_incomplete": 0,
  "allow_multiple": 1,
  "allow_print": 0,
  "allowed_embedding_domains": null,
  "amount": 0.0,
  "amount_based_on_field": 0,
  "amount_field": null,
  "anonymous": 0,
  "apply_document_permissions": 0,
  "banner_image": null,
  "breadcrumbs": "[{\"label\":_(\"Issues\"), \"route\":\"issues\"}]",
  "button_label": null,
  "client_script": null,
  "condition_json": "[]",
  "currency": null,
  "custom_css": null,
  "doc_type": "Issue",
  "docstatus": 0,
  "doctype": "Web Form",
  "introduction_text": "",
  "is_standard": 1,
  "list_columns": [],
  "list_title": null,
  "login_required": 1,
  "max_attachment_size": 0,
  "meta_description": null,
  "meta_image": null,
  "meta_title": null,
  "modified": "2024-03-27 16:16:03.621730",
  "module": "Support",
  "name": "issues",
  "payment_button_help": null,
  "payment_button_label": null,
  "payment_gateway": null,
  "print_format": null,
  "published": 1,
  "route": "issues",
  "show_attachments": 0,
  "show_list": 1,
  "show_sidebar": 1,
  "success_message": "",
  "success_title": null,
  "success_url": "/issues",
  "title": "Issue",
  "web_form_fields": [
   {
    "allow_read_on_all_link_options": 0,
    "default": null,
    "depends_on": null,
    "description": null,
    "fieldname": "subject",
    "fieldtype": "Data",
    "hidden": 0,
    "label": "Subject",
    "mandatory_depends_on": null,
    "max_length": 0,
    "max_value": 0,
    "options": null,
    "parent": "issues",
    "parentfield": "web_form_fields",
    "parenttype": "Web Form",
    "precision": null,
    "read_only": 0,
    "read_only_depends_on": null,
    "reqd": 1,
    "show_in_filter": 0
   },
   {
    "allow_read_on_all_link_options": 0,
    "default": "Open",
    "depends_on": null,
    "description": null,
    "fieldname": "status",
    "fieldtype": "Select",
    "hidden": 0,
    "label": "Status",
    "mandatory_depends_on": null,
    "max_length": 0,
    "max_value": 0,
    "options": "Open\nReplied\nOn Hold\nClosed",
    "parent": "issues",
    "parentfield": "web_form_fields",
    "parenttype": "Web Form",
    "precision": null,
    "read_only": 1,
    "read_only_depends_on": null,
    "reqd": 0,
    "show_in_filter": 1
   },
   {
    "allow_read_on_all_link_options": 0,
    "default": null,
    "depends_on": null,
    "description": null,
    "fieldname": "customer",
    "fieldtype": "Data",
    "hidden": 0,
    "label": "Customer",
    "mandatory_depends_on": null,
    "max_length": 0,
    "max_value": 0,
    "options": "Customer",
    "parent": "issues",
    "parentfield": "web_form_fields",
    "parenttype": "Web Form",
    "precision": null,
    "read_only": 1,
    "read_only_depends_on": null,
    "reqd": 0,
    "show_in_filter": 0
   },
   {
    "allow_read_on_all_link_options": 0,
    "default": null,
    "depends_on": null,
    "description": null,
    "fieldname": "description",
    "fieldtype": "Text Editor",
    "hidden": 0,
    "label": "Description",
    "mandatory_depends_on": null,
    "max_length": 0,
    "max_value": 0,
    "options": null,
    "parent": "issues",
    "parentfield": "web_form_fields",
    "parenttype": "Web Form",
    "precision": null,
    "read_only": 0,
    "read_only_depends_on": null,
    "reqd": 0,
    "show_in_filter": 0
   },
   {
    "allow_read_on_all_link_options": 0,
    "default": null,
    "depends_on": null,
    "description": null,
    "fieldname": "attachment",
    "fieldtype": "Attach",
    "hidden": 0,
    "label": "Attachment",
    "mandatory_depends_on": null,
    "max_length": 0,
    "max_value": 0,
    "options": null,
    "parent": "issues",
    "parentfield": "web_form_fields",
    "parenttype": "Web Form",
    "precision": null,
    "read_only": 0,
    "read_only_depends_on": null,
    "reqd": 0,
    "show_in_filter": 0
   },
   {
    "allow_read_on_all_link_options": 0,
    "default": "Medium",
    "depends_on": null,
    "description": null,
    "fieldname": "priority",
    "fieldtype": "Link",
    "hidden": 0,
    "label": "Priority",
    "mandatory_depends_on": null,
    "max_length": 0,
    "max_value": 0,
    "options": "Issue Priority",
    "parent": "issues",
    "parentfield": "web_form_fields",
    "parenttype": "Web Form",
    "precision": null,
    "read_only": 0,
    "read_only_depends_on": null,
    "reqd": 1,
    "show_in_filter": 0
   },
   {
    "allow_read_on_all_link_options": 0,
    "default": "1",
    "depends_on": null,
    "description": null,
    "fieldname": "via_customer_portal",
    "fieldtype": "Check",
    "hidden": 1,
    "label": "Via Customer Portal",
    "mandatory_depends_on": null,
    "max_length": 0,
    "max_value": 0,
    "options": null,
    "parent": "issues",
    "parentfield": "web_form_fields",
    "parenttype": "Web Form",
    "precision": null,
    "read_only": 1,
    "read_only_depends_on": null,
    "reqd": 0,
    "show_in_filter": 0
   }
  ],
  "website_sidebar": null
 },
 {
  "accept_payment": 0,
  "allow_comments": 0,
  "allow_delete": 0,
  "allow_edit": 1,
  "allow_incomplete": 0,
  "allow_multiple": 1,
  "allow_print": 0,
  "allowed_embedding_domains": null,
  "amount": 0.0,
  "amount_based_on_field": 0,
  "amount_field": null,
  "anonymous": 0,
  "apply_document_permissions": 1,
  "banner_image": null,
  "breadcrumbs": null,
  "button_label": null,
  "client_script": null,
  "condition_json": "[]",
  "currency": null,
  "custom_css": null,
  "doc_type": "Address",
  "docstatus": 0,
  "doctype": "Web Form",
  "introduction_text": null,
  "is_standard": 1,
  "list_columns": [],
  "list_title": "",
  "login_required": 1,
  "max_attachment_size": 0,
  "meta_description": null,
  "meta_image": null,
  "meta_title": null,
  "modified": "2024-01-24 10:28:35.026064",
  "module": "Utilities",
  "name": "addresses",
  "payment_button_help": null,
  "payment_button_label": null,
  "payment_gateway": null,
  "print_format": null,
  "published": 1,
  "route": "address",
  "show_attachments": 0,
  "show_list": 1,
  "show_sidebar": 0,
  "success_message": null,
  "success_title": null,
  "success_url": "/addresses",
  "title": "Address",
  "web_form_fields": [
   {
    "allow_read_on_all_link_options": 0,
    "default": null,
    "depends_on": null,
    "description": "",
    "fieldname": "address_title",
    "fieldtype": "Data",
    "hidden": 0,
    "label": "Address Title",
    "mandatory_depends_on": null,
    "max_length": 0,
    "max_value": 0,
    "options": null,
    "parent": "addresses",
    "parentfield": "web_form_fields",
    "parenttype": "Web Form",
    "precision": null,
    "read_only": 0,
    "read_only_depends_on": null,
    "reqd": 0,
    "show_in_filter": 0
   },
   {
    "allow_read_on_all_link_options": 0,
    "default": null,
    "depends_on": null,
    "description": null,
    "fieldname": "address_type",
    "fieldtype": "Select",
    "hidden": 0,
    "label": "Address Type",
    "mandatory_depends_on": null,
    "max_length": 0,
    "max_value": 0,
    "options": "Billing\nShipping\nOffice\nPersonal\nPlant\nPostal\nShop\nSubsidiary\nWarehouse\nOther",
    "parent": "addresses",
    "parentfield": "web_form_fields",
    "parenttype": "Web Form",
    "precision": null,
    "read_only": 0,
    "read_only_depends_on": null,
    "reqd": 1,
    "show_in_filter": 0
   },
   {
    "allow_read_on_all_link_options": 0,
    "default": null,
    "depends_on": null,
    "description": null,
    "fieldname": "address_line1",
    "fieldtype": "Data",
    "hidden": 0,
    "label": "Address Line 1",
    "mandatory_depends_on": null,
    "max_length": 0,
    "max_value": 0,
    "options": null,
    "parent": "addresses",
    "parentfield": "web_form_fields",
    "parenttype": "Web Form",
    "precision": null,
    "read_only": 0,
    "read_only_depends_on": null,
    "reqd": 1,
    "show_in_filter": 0
   },
   {
    "allow_read_on_all_link_options": 0,
    "default": null,
    "depends_on": null,
    "description": null,
    "fieldname": "address_line2",
    "fieldtype": "Data",
    "hidden": 0,
    "label": "Address Line 2",
    "mandatory_depends_on": null,
    "max_length": 0,
    "max_value": 0,
    "options": null,
    "parent": "addresses",
    "parentfield": "web_form_fields",
    "parenttype": "Web Form",
    "precision": null,
    "read_only": 0,
    "read_only_depends_on": null,
    "reqd": 0,
    "show_in_filter": 0
   },
   {
    "allow_read_on_all_link_options": 0,
    "default": null,
    "depends_on": null,
    "description": null,
    "fieldname": "pincode",
    "fieldtype": "Data",
    "hidden": 0,
    "label": "Postal Code",
    "mandatory_depends_on": null,
    "max_length": 0,
    "max_value": 0,
    "options": null,
    "parent": "addresses",
    "parentfield": "web_form_fields",
    "parenttype": "Web Form",
    "precision": null,
    "read_only": 0,
    "read_only_depends_on": null,
    "reqd": 0,
    "show_in_filter": 0
   },
   {
    "allow_read_on_all_link_options": 0,
    "default": null,
    "depends_on": null,
    "description": null,
    "fieldname": "city",
    "fieldtype": "Data",
    "hidden": 0,
    "label": "City/Town",
    "mandatory_depends_on": null,
    "max_length": 0,
    "max_value": 0,
    "options": null,
    "parent": "addresses",
    "parentfield": "web_form_fields",
    "parenttype": "Web Form",
    "precision": null,
    "read_only": 0,
    "read_only_depends_on": null,
    "reqd": 1,
    "show_in_filter": 0
   },
   {
    "allow_read_on_all_link_options": 0,
    "default": null,
    "depends_on": null,
    "description": null,
    "fieldname": "state",
    "fieldtype": "Data",
    "hidden": 0,
    "label": "State",
    "mandatory_depends_on": null,
    "max_length": 0,
    "max_value": 0,
    "options": null,
    "parent": "addresses",
    "parentfield": "web_form_fields",
    "parenttype": "Web Form",
    "precision": null,
    "read_only": 0,
    "read_only_depends_on": null,
    "reqd": 0,
    "show_in_filter": 0
   },
   {
    "allow_read_on_all_link_options": 1,
    "default": null,
    "depends_on": null,
    "description": null,
    "fieldname": "country",
    "fieldtype": "Link",
    "hidden": 0,
    "label": "Country",
    "mandatory_depends_on": null,
    "max_length": 0,
    "max_value": 0,
    "options": "Country",
    "parent": "addresses",
    "parentfield": "web_form_fields",
    "parenttype": "Web Form",
    "precision": null,
    "read_only": 0,
    "read_only_depends_on": null,
    "reqd": 1,
    "show_in_filter": 0
   },
   {
    "allow_read_on_all_link_options": 0,
    "default": null,
    "depends_on": null,
    "description": null,
    "fieldname": null,
    "fieldtype": "Column Break",
    "hidden": 0,
    "label": null,
    "mandatory_depends_on": null,
    "max_length": 0,
    "max_value": 0,
    "options": null,
    "parent": "addresses",
    "parentfield": "web_form_fields",
    "parenttype": "Web Form",
    "precision": null,
    "read_only": 0,
    "read_only_depends_on": null,
    "reqd": 0,
    "show_in_filter": 0
   },
   {
    "allow_read_on_all_link_options": 0,
    "default": null,
    "depends_on": null,
    "description": null,
    "fieldname": "email_id",
    "fieldtype": "Data",
    "hidden": 0,
    "label": "Email Address",
    "mandatory_depends_on": null,
    "max_length": 0,
    "max_value": 0,
    "options": null,
    "parent": "addresses",
    "parentfield": "web_form_fields",
    "parenttype": "Web Form",
    "precision": null,
    "read_only": 0,
    "read_only_depends_on": null,
    "reqd": 0,
    "show_in_filter": 0
   },
   {
    "allow_read_on_all_link_options": 0,
    "default": null,
    "depends_on": null,
    "description": null,
    "fieldname": "phone",
    "fieldtype": "Data",
    "hidden": 0,
    "label": "Phone",
    "mandatory_depends_on": null,
    "max_length": 0,
    "max_value": 0,
    "options": null,
    "parent": "addresses",
    "parentfield": "web_form_fields",
    "parenttype": "Web Form",
    "precision": null,
    "read_only": 0,
    "read_only_depends_on": null,
    "reqd": 1,
    "show_in_filter": 0
   },
   {
    "allow_read_on_all_link_options": 0,
    "default": "0",
    "depends_on": null,
    "description": "",
    "fieldname": "is_primary_address",
    "fieldtype": "Check",
    "hidden": 0,
    "label": "Preferred Billing Address",
    "mandatory_depends_on": null,
    "max_length": 0,
    "max_value": 0,
    "options": null,
    "parent": "addresses",
    "parentfield": "web_form_fields",
    "parenttype": "Web Form",
    "precision": null,
    "read_only": 0,
    "read_only_depends_on": null,
    "reqd": 0,
    "show_in_filter": 0
   },
   {
    "allow_read_on_all_link_options": 0,
    "default": "0",
    "depends_on": null,
    "description": "",
    "fieldname": "is_shipping_address",
    "fieldtype": "Check",
    "hidden": 0,
    "label": "Preferred Shipping Address",
    "mandatory_depends_on": null,
    "max_length": 0,
    "max_value": 0,
    "options": null,
    "parent": "addresses",
    "parentfield": "web_form_fields",
    "parenttype": "Web Form",
    "precision": null,
    "read_only": 0,
    "read_only_depends_on": null,
    "reqd": 0,
    "show_in_filter": 0
   }
  ],
  "website_sidebar": null
 },
 {
  "accept_payment": 0,
  "allow_comments": 1,
  "allow_delete": 0,
  "allow_edit": 1,
  "allow_incomplete": 0,
  "allow_multiple": 1,
  "allow_print": 0,
  "allowed_embedding_domains": null,
  "amount": 0.0,
  "amount_based_on_field": 0,
  "amount_field": null,
  "anonymous": 0,
  "apply_document_permissions": 0,
  "banner_image": null,
  "breadcrumbs": null,
  "button_label": null,
  "client_script": "frappe.web_form.on('resume_link', (field, value) => {\n    if (!frappe.utils.is_url(value)) {\n        frappe.msgprint(__('Resume link not valid'));\n    }\n});\n",
  "condition_json": null,
  "currency": null,
  "custom_css": null,
  "doc_type": "Job Applicant",
  "docstatus": 0,
  "doctype": "Web Form",
  "introduction_text": "",
  "is_standard": 1,
  "list_columns": [],
  "list_title": null,
  "login_required": 0,
  "max_attachment_size": 0,
  "meta_description": null,
  "meta_image": null,
  "meta_title": null,
  "modified": "2020-10-07 19:27:17.143355",
  "module": "HR",
  "name": "job-application",
  "payment_button_help": null,
  "payment_button_label": null,
  "payment_gateway": null,
  "print_format": null,
  "published": 1,
  "route": "job_application",
  "show_attachments": 0,
  "show_list": 0,
  "show_sidebar": 1,
  "success_message": "Thank you for applying.",
  "success_title": null,
  "success_url": "/jobs",
  "title": "Job Application",
  "web_form_fields": [
   {
    "allow_read_on_all_link_options": 0,
    "default": null,
    "depends_on": null,
    "description": null,
    "fieldname": "job_title",
    "fieldtype": "Data",
    "hidden": 0,
    "label": "Job Opening",
    "mandatory_depends_on": null,
    "max_length": 0,
    "max_value": 0,
    "options": "",
    "parent": "job-application",
    "parentfield": "web_form_fields",
    "parenttype": "Web Form",
    "precision": null,
    "read_only": 1,
    "read_only_depends_on": null,
    "reqd": 0,
    "show_in_filter": 0
   },
   {
    "allow_read_on_all_link_options": 0,
    "default": null,
    "depends_on": null,
    "description": null,
    "fieldname": "applicant_name",
    "fieldtype": "Data",
    "hidden": 0,
    "label": "Applicant Name",
    "mandatory_depends_on": null,
    "max_length": 0,
    "max_value": 0,
    "options": null,
    "parent": "job-application",
    "parentfield": "web_form_fields",
    "parenttype": "Web Form",
    "precision": null,
    "read_only": 0,
    "read_only_depends_on": null,
    "reqd": 1,
    "show_in_filter": 0
   },
   {
    "allow_read_on_all_link_options": 0,
    "default": null,
    "depends_on": null,
    "description": null,
    "fieldname": "email_id",
    "fieldtype": "Data",
    "hidden": 0,
    "label": "Email Address",
    "mandatory_depends_on": null,
    "max_length": 0,
    "max_value": 0,
    "options": "Email",
    "parent": "job-application",
    "parentfield": "web_form_fields",
    "parenttype": "Web Form",
    "precision": null,
    "read_only": 0,
    "read_only_depends_on": null,
    "reqd": 1,
    "show_in_filter": 0
   },
   {
    "allow_read_on_all_link_options": 0,
    "default": null,
    "depends_on": null,
    "description": null,
    "fieldname": "phone_number",
    "fieldtype": "Data",
    "hidden": 0,
    "label": "Phone Number",
    "mandatory_depends_on": null,
    "max_length": 0,
    "max_value": 0,
    "options": "Phone",
    "parent": "job-application",
    "parentfield": "web_form_fields",
    "parenttype": "Web Form",
    "precision": null,
    "read_only": 0,
    "read_only_depends_on": null,
    "reqd": 0,
    "show_in_filter": 0
   },
   {
    "allow_read_on_all_link_options": 0,
    "default": null,
    "depends_on": null,
    "description": null,
    "fieldname": "country",
    "fieldtype": "Link",
    "hidden": 0,
    "label": "Country of Residence",
    "mandatory_depends_on": null,
    "max_length": 0,
    "max_value": 0,
    "options": "Country",
    "parent": "job-application",
    "parentfield": "web_form_fields",
    "parenttype": "Web Form",
    "precision": null,
    "read_only": 0,
    "read_only_depends_on": null,
    "reqd": 0,
    "show_in_filter": 0
   },
   {
    "allow_read_on_all_link_options": 0,
    "default": null,
    "depends_on": null,
    "description": null,
    "fieldname": "cover_letter",
    "fieldtype": "Text",
    "hidden": 0,
    "label": "Cover Letter",
    "mandatory_depends_on": null,
    "max_length": 0,
    "max_value": 0,
    "options": null,
    "parent": "job-application",
    "parentfield": "web_form_fields",
    "parenttype": "Web Form",
    "precision": null,
    "read_only": 0,
    "read_only_depends_on": null,
    "reqd": 0,
    "show_in_filter": 0
   },
   {
    "allow_read_on_all_link_options": 0,
    "default": null,
    "depends_on": null,
    "description": null,
    "fieldname": "resume_link",
    "fieldtype": "Data",
    "hidden": 0,
    "label": "Resume Link",
    "mandatory_depends_on": null,
    "max_length": 0,
    "max_value": 0,
    "options": null,
    "parent": "job-application",
    "parentfield": "web_form_fields",
    "parenttype": "Web Form",
    "precision": null,
    "read_only": 0,
    "read_only_depends_on": null,
    "reqd": 0,
    "show_in_filter": 0
   },
   {
    "allow_read_on_all_link_options": 0,
    "default": null,
    "depends_on": null,
    "description": null,
    "fieldname": "",
    "fieldtype": "Section Break",
    "hidden": 0,
    "label": "Expected Salary Range per month",
    "mandatory_depends_on": null,
    "max_length": 0,
    "max_value": 0,
    "options": null,
    "parent": "job-application",
    "parentfield": "web_form_fields",
    "parenttype": "Web Form",
    "precision": null,
    "read_only": 0,
    "read_only_depends_on": null,
    "reqd": 1,
    "show_in_filter": 0
   },
   {
    "allow_read_on_all_link_options": 0,
    "default": null,
    "depends_on": null,
    "description": null,
    "fieldname": "currency",
    "fieldtype": "Link",
    "hidden": 0,
    "label": "Currency",
    "mandatory_depends_on": null,
    "max_length": 0,
    "max_value": 0,
    "options": "Currency",
    "parent": "job-application",
    "parentfield": "web_form_fields",
    "parenttype": "Web Form",
    "precision": null,
    "read_only": 0,
    "read_only_depends_on": null,
    "reqd": 0,
    "show_in_filter": 0
   },
   {
    "allow_read_on_all_link_options": 0,
    "default": null,
    "depends_on": null,
    "description": null,
    "fieldname": "",
    "fieldtype": "Column Break",
    "hidden": 0,
    "label": null,
    "mandatory_depends_on": null,
    "max_length": 0,
    "max_value": 0,
    "options": null,
    "parent": "job-application",
    "parentfield": "web_form_fields",
    "parenttype": "Web Form",
    "precision": null,
    "read_only": 0,
    "read_only_depends_on": null,
    "reqd": 0,
    "show_in_filter": 0
   },
   {
    "allow_read_on_all_link_options": 0,
    "default": null,
    "depends_on": null,
    "description": null,
    "fieldname": "lower_range",
    "fieldtype": "Currency",
    "hidden": 0,
    "label": "Lower Range",
    "mandatory_depends_on": null,
    "max_length": 0,
    "max_value": 0,
    "options": "currency",
    "parent": "job-application",
    "parentfield": "web_form_fields",
    "parenttype": "Web Form",
    "precision": null,
    "read_only": 0,
    "read_only_depends_on": null,
    "reqd": 0,
    "show_in_filter": 0
   },
   {
    "allow_read_on_all_link_options": 0,
    "default": null,
    "depends_on": null,
    "description": null,
    "fieldname": "",
    "fieldtype": "Column Break",
    "hidden": 0,
    "label": null,
    "mandatory_depends_on": null,
    "max_length": 0,
    "max_value": 0,
    "options": null,
    "parent": "job-application",
    "parentfield": "web_form_fields",
    "parenttype": "Web Form",
    "precision": null,
    "read_only": 0,
    "read_only_depends_on": null,
    "reqd": 0,
    "show_in_filter": 0
   },
   {
    "allow_read_on_all_link_options": 0,
    "default": null,
    "depends_on": null,
    "description": null,
    "fieldname": "upper_range",
    "fieldtype": "Currency",
    "hidden": 0,
    "label": "Upper Range",
    "mandatory_depends_on": null,
    "max_length": 0,
    "max_value": 0,
    "options": "currency",
    "parent": "job-application",
    "parentfield": "web_form_fields",
    "parenttype": "Web Form",
    "precision": null,
    "read_only": 0,
    "read_only_depends_on": null,
    "reqd": 0,
    "show_in_filter": 0
   }
  ],
  "website_sidebar": null
 },
 {
  "accept_payment": 0,
  "allow_comments": 0,
  "allow_delete": 0,
  "allow_edit": 1,
  "allow_incomplete": 0,
  "allow_multiple": 0,
  "allow_print": 0,
  "allowed_embedding_domains": null,
  "amount": 0.0,
  "amount_based_on_field": 0,
  "amount_field": null,
  "anonymous": 0,
  "apply_document_permissions": 0,
  "banner_image": null,
  "breadcrumbs": "[{\"title\": _(\"My Account\"), \"route\": \"me\"}]",
  "button_label": null,
  "client_script": "frappe.web_form.after_load = () => {\n    if (window.location.pathname.endsWith(\"/new\") && frappe.session.user) {\n        let current_path = window.location.href;\n        window.location.href = current_path.replace(\"/new\", \"/\" + frappe.session.user);\n    }\n}",
  "condition_json": null,
  "currency": null,
  "custom_css": null,
  "doc_type": "User",
  "docstatus": 0,
  "doctype": "Web Form",
  "introduction_text": "",
  "is_standard": 1,
  "list_columns": [],
  "list_title": null,
  "login_required": 1,
  "max_attachment_size": 0,
  "meta_description": null,
  "meta_image": null,
  "meta_title": null,
  "modified": "2023-01-18 10:26:26.766414",
  "module": "Core",
  "name": "edit-profile",
  "payment_button_help": null,
  "payment_button_label": "Buy Now",
  "payment_gateway": null,
  "print_format": null,
  "published": 1,
  "route": "update-profile",
  "show_attachments": 0,
  "show_list": 0,
  "show_sidebar": 0,
  "success_message": "Profile updated successfully.",
  "success_title": null,
  "success_url": "/me",
  "title": "Update Profile",
  "web_form_fields": [
   {
    "allow_read_on_all_link_options": 0,
    "default": null,
    "depends_on": null,
    "description": null,
    "fieldname": "first_name",
    "fieldtype": "Data",
    "hidden": 0,
    "label": "First Name",
    "mandatory_depends_on": null,
    "max_length": 0,
    "max_value": 0,
    "options": null,
    "parent": "edit-profile",
    "parentfield": "web_form_fields",
    "parenttype": "Web Form",
    "precision": null,
    "read_only": 0,
    "read_only_depends_on": null,
    "reqd": 1,
    "show_in_filter": 0
   },
   {
    "allow_read_on_all_link_options": 0,
    "default": null,
    "depends_on": null,
    "description": null,
    "fieldname": "middle_name",
    "fieldtype": "Data",
    "hidden": 0,
    "label": "Middle Name (Optional)",
    "mandatory_depends_on": null,
    "max_length": 0,
    "max_value": 0,
    "options": null,
    "parent": "edit-profile",
    "parentfield": "web_form_fields",
    "parenttype": "Web Form",
    "precision": null,
    "read_only": 0,
    "read_only_depends_on": null,
    "reqd": 0,
    "show_in_filter": 0
   },
   {
    "allow_read_on_all_link_options": 0,
    "default": null,
    "depends_on": null,
    "description": null,
    "fieldname": "last_name",
    "fieldtype": "Data",
    "hidden": 0,
    "label": "Last Name",
    "mandatory_depends_on": null,
    "max_length": 0,
    "max_value": 0,
    "options": null,
    "parent": "edit-profile",
    "parentfield": "web_form_fields",
    "parenttype": "Web Form",
    "precision": null,
    "read_only": 0,
    "read_only_depends_on": null,
    "reqd": 0,
    "show_in_filter": 0
   },
   {
    "allow_read_on_all_link_options": 0,
    "default": null,
    "depends_on": null,
    "description": null,
    "fieldname": "",
    "fieldtype": "Column Break",
    "hidden": 0,
    "label": null,
    "mandatory_depends_on": null,
    "max_length": 0,
    "max_value": 0,
    "options": null,
    "parent": "edit-profile",
    "parentfield": "web_form_fields",
    "parenttype": "Web Form",
    "precision": null,
    "read_only": 0,
    "read_only_depends_on": null,
    "reqd": 0,
    "show_in_filter": 0
   },
   {
    "allow_read_on_all_link_options": 0,
    "default": null,
    "depends_on": null,
    "description": "",
    "fieldname": "user_image",
    "fieldtype": "Attach Image",
    "hidden": 0,
    "label": "Profile Picture",
    "mandatory_depends_on": null,
    "max_length": 0,
    "max_value": 0,
    "options": null,
    "parent": "edit-profile",
    "parentfield": "web_form_fields",
    "parenttype": "Web Form",
    "precision": null,
    "read_only": 0,
    "read_only_depends_on": null,
    "reqd": 0,
    "show_in_filter": 0
   },
   {
    "allow_read_on_all_link_options": 0,
    "default": null,
    "depends_on": null,
    "description": null,
    "fieldname": null,
    "fieldtype": "Section Break",
    "hidden": 0,
    "label": "More Information",
    "mandatory_depends_on": null,
    "max_length": 0,
    "max_value": 0,
    "options": null,
    "parent": "edit-profile",
    "parentfield": "web_form_fields",
    "parenttype": "Web Form",
    "precision": null,
    "read_only": 0,
    "read_only_depends_on": null,
    "reqd": 0,
    "show_in_filter": 0
   },
   {
    "allow_read_on_all_link_options": 0,
    "default": null,
    "depends_on": null,
    "description": null,
    "fieldname": "phone",
    "fieldtype": "Data",
    "hidden": 0,
    "label": "Phone",
    "mandatory_depends_on": null,
    "max_length": 0,
    "max_value": 0,
    "options": null,
    "parent": "edit-profile",
    "parentfield": "web_form_fields",
    "parenttype": "Web Form",
    "precision": null,
    "read_only": 0,
    "read_only_depends_on": null,
    "reqd": 0,
    "show_in_filter": 0
   },
   {
    "allow_read_on_all_link_options": 0,
    "default": null,
    "depends_on": null,
    "description": null,
    "fieldname": "mobile_no",
    "fieldtype": "Data",
    "hidden": 0,
    "label": "Mobile Number",
    "mandatory_depends_on": null,
    "max_length": 0,
    "max_value": 0,
    "options": null,
    "parent": "edit-profile",
    "parentfield": "web_form_fields",
    "parenttype": "Web Form",
    "precision": null,
    "read_only": 0,
    "read_only_depends_on": null,
    "reqd": 0,
    "show_in_filter": 0
   },
   {
    "allow_read_on_all_link_options": 0,
    "default": null,
    "depends_on": null,
    "description": null,
    "fieldname": "",
    "fieldtype": "Column Break",
    "hidden": 0,
    "label": null,
    "mandatory_depends_on": null,
    "max_length": 0,
    "max_value": 0,
    "options": null,
    "parent": "edit-profile",
    "parentfield": "web_form_fields",
    "parenttype": "Web Form",
    "precision": null,
    "read_only": 0,
    "read_only_depends_on": null,
    "reqd": 0,
    "show_in_filter": 0
   },
   {
    "allow_read_on_all_link_options": 0,
    "default": null,
    "depends_on": null,
    "description": "",
    "fieldname": "language",
    "fieldtype": "Link",
    "hidden": 0,
    "label": "Language",
    "mandatory_depends_on": null,
    "max_length": 0,
    "max_value": 0,
    "options": "Language",
    "parent": "edit-profile",
    "parentfield": "web_form_fields",
    "parenttype": "Web Form",
    "precision": null,
    "read_only": 0,
    "read_only_depends_on": null,
    "reqd": 0,
    "show_in_filter": 0
   }
  ],
  "website_sidebar": null
 },
 {
  "accept_payment": 0,
  "allow_comments": 0,
  "allow_delete": 0,
  "allow_edit": 0,
  "allow_incomplete": 0,
  "allow_multiple": 0,
  "allow_print": 0,
  "allowed_embedding_domains": null,
  "amount": 0.0,
  "amount_based_on_field": 0,
  "amount_field": null,
  "anonymous": 0,
  "apply_document_permissions": 0,
  "banner_image": null,
  "breadcrumbs": "",
  "button_label": "Request Data",
  "client_script": "",
  "condition_json": null,
  "currency": null,
  "custom_css": null,
  "doc_type": "Personal Data Download Request",
  "docstatus": 0,
  "doctype": "Web Form",
  "introduction_text": "<div class=\"ql-editor read-mode\"><p>Request a file containing your personally identifiable information (PII) that is saved on our system. The file will be in JSON format and is sent to you by email. If you would like to have your PII deleted from our system, please make a <a href=\"/request-to-delete-data\" rel=\"noopener noreferrer\">request to delete data</a>.</p></div>",
  "is_standard": 1,
  "list_columns": [],
  "list_title": null,
  "login_required": 0,
  "max_attachment_size": 0,
  "meta_description": null,
  "meta_image": null,
  "meta_title": null,
  "modified": "2022-07-18 16:51:07.281527",
  "module": "Website",
  "name": "request-data",
  "payment_button_help": null,
  "payment_button_label": "Buy Now",
  "payment_gateway": null,
  "print_format": null,
  "published": 1,
  "route": "request-data",
  "show_attachments": 0,
  "show_list": 0,
  "show_sidebar": 0,
  "success_message": "A download link with your data will be sent to the email address associated with your account.",
  "success_title": null,
  "success_url": "/desk",
  "title": "Request Data",
  "web_form_fields": [
   {
    "allow_read_on_all_link_options": 0,
    "default": null,
    "depends_on": null,
    "description": null,
    "fieldname": "user",
    "fieldtype": "Data",
    "hidden": 0,
    "label": "Email",
    "mandatory_depends_on": null,
    "max_length": 0,
    "max_value": 0,
    "options": "",
    "parent": "request-data",
    "parentfield": "web_form_fields",
    "parenttype": "Web Form",
    "precision": null,
    "read_only": 0,
    "read_only_depends_on": null,
    "reqd": 1,
    "show_in_filter": 0
   }
  ],
  "website_sidebar": null
 },
 {
  "accept_payment": 0,
  "allow_comments": 0,
  "allow_delete": 0,
  "allow_edit": 0,
  "allow_incomplete": 0,
  "allow_multiple": 0,
  "allow_print": 0,
  "allowed_embedding_domains": null,
  "amount": 0.0,
  "amount_based_on_field": 0,
  "amount_field": null,
  "anonymous": 0,
  "apply_document_permissions": 0,
  "banner_image": null,
  "breadcrumbs": "",
  "button_label": "Submit",
  "client_script": "",
  "condition_json": null,
  "currency": null,
  "custom_css": "[data-doctype=\"Web Form\"] {\n    width: 50%;\n    margin: 6rem auto;\n}",
  "doc_type": "Personal Data Deletion Request",
  "docstatus": 0,
  "doctype": "Web Form",
  "introduction_text": "<div class=\"ql-editor read-mode\"><p>Send a request to delete your account and personally identifiable information (PII) that is stored on our system. You will receive an email to verify your request. Once the request is verified we will take care of deleting your PII. If you just want to check what PII we have stored, you can <a href=\"/request-data\" rel=\"noopener noreferrer\">request your data</a>.</p></div>",
  "is_standard": 1,
  "list_columns": [],
  "list_title": null,
  "login_required": 0,
  "max_attachment_size": 0,
  "meta_description": null,
  "meta_image": null,
  "meta_title": null,
  "modified": "2022-07-18 16:51:30.949738",
  "module": "Website",
  "name": "request-to-delete-data",
  "payment_button_help": null,
  "payment_button_label": "Buy Now",
  "payment_gateway": null,
  "print_format": null,
  "published": 1,
  "route": "request-for-account-deletion",
  "show_attachments": 0,
  "show_list": 0,
  "show_sidebar": 0,
  "success_message": "An email to verify your request has been sent to your email address. Please verify your request to complete the process.",
  "success_title": null,
  "success_url": "/",
  "title": "Request for Account Deletion",
  "web_form_fields": [
   {
    "allow_read_on_all_link_options": 0,
    "default": null,
    "depends_on": null,
    "description": null,
    "fieldname": "email",
    "fieldtype": "Data",
    "hidden": 0,
    "label": "Email",
    "mandatory_depends_on": null,
    "max_length": 0,
    "max_value": 0,
    "options": "",
    "parent": "request-to-delete-data",
    "parentfield": "web_form_fields",
    "parenttype": "Web Form",
    "precision": null,
    "read_only": 0,
    "read_only_depends_on": null,
    "reqd": 1,
    "show_in_filter": 0
   }
  ],
  "website_sidebar": null
 },
 {
  "accept_payment": 0,
  "allow_comments": 0,
  "allow_delete": 0,
  "allow_edit": 0,
  "allow_incomplete": 0,
  "allow_multiple": 0,
  "allow_print": 0,
  "allowed_embedding_domains": null,
  "amount": 0.0,
  "amount_based_on_field": 0,
  "amount_field": null,
  "anonymous": 0,
  "apply_document_permissions": 0,
  "banner_image": null,
  "breadcrumbs": null,
  "button_label": "Save",
  "client_script": null,
  "condition_json": "[]",
  "currency": "INR",
  "custom_css": null,
  "doc_type": "ToDoTask",
  "docstatus": 0,
  "doctype": "Web Form",
  "introduction_text": "<div class=\"ql-editor read-mode\"><p>hello world</p></div>",
  "is_standard": 0,
  "list_columns": [],
  "list_title": null,
  "login_required": 0,
  "max_attachment_size": 0,
  "meta_description": null,
  "meta_image": null,
  "meta_title": null,
  "modified": "2025-02-21 16:42:41.231594",
  "module": "Todo App",
  "name": "todotask",
  "payment_button_help": null,
  "payment_button_label": "Buy Now",
  "payment_gateway": null,
  "print_format": null,
  "published": 1,
  "route": "todotask",
  "show_attachments": 0,
  "show_list": 0,
  "show_sidebar": 0,
  "success_message": null,
  "success_title": null,
  "success_url": null,
  "title": "ToDoTask",
  "web_form_fields": [
   {
    "allow_read_on_all_link_options": 0,
    "default": null,
    "depends_on": null,
    "description": null,
    "fieldname": "title",
    "fieldtype": "Data",
    "hidden": 0,
    "label": "Title",
    "mandatory_depends_on": null,
    "max_length": 0,
    "max_value": 0,
    "options": null,
    "parent": "todotask",
    "parentfield": "web_form_fields",
    "parenttype": "Web Form",
    "precision": "",
    "read_only": 0,
    "read_only_depends_on": null,
    "reqd": 0,
    "show_in_filter": 0
   },
   {
    "allow_read_on_all_link_options": 0,
    "default": null,
    "depends_on": null,
    "description": null,
    "fieldname": "status",
    "fieldtype": "Select",
    "hidden": 0,
    "label": "Status",
    "mandatory_depends_on": null,
    "max_length": 0,
    "max_value": 0,
    "options": "Open\nCompleted",
    "parent": "todotask",
    "parentfield": "web_form_fields",
    "parenttype": "Web Form",
    "precision": "",
    "read_only": 0,
    "read_only_depends_on": null,
    "reqd": 0,
    "show_in_filter": 0
   },
   {
    "allow_read_on_all_link_options": 0,
    "default": null,
    "depends_on": null,
    "description": null,
    "fieldname": "due_date",
    "fieldtype": "Date",
    "hidden": 0,
    "label": "Due Date",
    "mandatory_depends_on": null,
    "max_length": 0,
    "max_value": 0,
    "options": null,
    "parent": "todotask",
    "parentfield": "web_form_fields",
    "parenttype": "Web Form",
    "precision": "",
    "read_only": 0,
    "read_only_depends_on": null,
    "reqd": 0,
    "show_in_filter": 0
   },
   {
    "allow_read_on_all_link_options": 0,
    "default": null,
    "depends_on": null,
    "description": null,
    "fieldname": "section_break_ffqm",
    "fieldtype": "Section Break",
    "hidden": 0,
    "label": null,
    "mandatory_depends_on": null,
    "max_length": 0,
    "max_value": 0,
    "options": null,
    "parent": "todotask",
    "parentfield": "web_form_fields",
    "parenttype": "Web Form",
    "precision": "",
    "read_only": 0,
    "read_only_depends_on": null,
    "reqd": 0,
    "show_in_filter": 0
   },
   {
    "allow_read_on_all_link_options": 0,
    "default": null,
    "depends_on": null,
    "description": null,
    "fieldname": "description",
    "fieldtype": "Text Editor",
    "hidden": 0,
    "label": "Description",
    "mandatory_depends_on": null,
    "max_length": 0,
    "max_value": 0,
    "options": null,
    "parent": "todotask",
    "parentfield": "web_form_fields",
    "parenttype": "Web Form",
    "precision": "",
    "read_only": 0,
    "read_only_depends_on": null,
    "reqd": 0,
    "show_in_filter": 0
   }
  ],
  "website_sidebar": null
 }
]