[
 {
  "docstatus": 0,
  "doctype": "Workflow State",
  "icon": "question-sign",
  "modified": "2025-02-19 18:41:55.367265",
  "name": "Pending",
  "style": "",
  "workflow_state_name": "Pending"
 },
 {
  "docstatus": 0,
  "doctype": "Workflow State",
  "icon": "ok-sign",
  "modified": "2025-02-19 18:41:55.368643",
  "name": "Approved",
  "style": "Success",
  "workflow_state_name": "Approved"
 },
 {
  "docstatus": 0,
  "doctype": "Workflow State",
  "icon": "remove",
  "modified": "2025-02-19 18:41:55.370082",
  "name": "Rejected",
  "style": "Danger",
  "workflow_state_name": "Rejected"
 }
]